Date,Campaign,Impressions,Clicks,Cost,Conversions,ConvValue
2026-04-01,HP-S01 | Brand Search,2213,224,100.95,12,949.11
2026-04-02,HP-S01 | Brand Search,2184,263,123.54,16,1349.49
2026-04-03,HP-S01 | Brand Search,1988,189,79.12,9,680.64
2026-04-04,HP-S01 | Brand Search,1770,159,64.05,2,143.96
2026-04-05,HP-S01 | Brand Search,2542,269,103.47,18,1487.94
2026-04-06,HP-S01 | Brand Search,2238,247,115.31,16,1116.36
2026-04-07,HP-S01 | Brand Search,2110,223,84.33,16,1227.86
2026-04-08,HP-S01 | Brand Search,2064,178,70.31,8,848.53
2026-04-09,HP-S01 | Brand Search,1998,173,82.89,14,1304.73
2026-04-10,HP-S01 | Brand Search,1995,238,106.96,23,2249.73
2026-04-11,HP-S01 | Brand Search,2524,305,130.80,22,2386.01
2026-04-12,HP-S01 | Brand Search,2477,293,115.61,27,2716.37
2026-04-13,HP-S01 | Brand Search,1963,198,89.01,12,1036.90
2026-04-14,HP-S01 | Brand Search,2185,224,100.83,15,1636.21
2026-04-15,HP-S01 | Brand Search,1612,148,64.86,7,546.55
2026-04-16,HP-S01 | Brand Search,1508,133,57.24,5,455.22
2026-04-17,HP-S01 | Brand Search,1768,212,85.57,17,1855.86
2026-04-18,HP-S01 | Brand Search,1743,155,61.33,6,657.67
2026-04-19,HP-S01 | Brand Search,2437,292,130.29,18,1205.78
2026-04-20,HP-S01 | Brand Search,1690,163,65.02,11,952.56
2026-04-21,HP-S01 | Brand Search,1533,151,56.93,5,422.06
2026-04-22,HP-S01 | Brand Search,1682,194,77.76,15,1640.66
2026-04-23,HP-S01 | Brand Search,1696,153,64.56,8,639.11
2026-04-24,HP-S01 | Brand Search,1828,228,93.12,14,956.81
2026-04-25,HP-S01 | Brand Search,2306,258,99.56,12,880.44
2026-04-26,HP-S01 | Brand Search,2162,237,111.05,14,1015.52
2026-04-27,HP-S01 | Brand Search,2241,261,102.85,14,1378.48
2026-04-28,HP-S01 | Brand Search,1775,168,72.24,12,1035.77
2026-04-29,HP-S01 | Brand Search,1999,189,71.87,11,997.35
2026-04-30,HP-S01 | Brand Search,1642,145,61.56,9,788.48
2026-05-01,HP-S01 | Brand Search,1739,156,62.46,13,1251.14
2026-05-02,HP-S01 | Brand Search,2407,231,83.65,9,668.98
2026-05-03,HP-S01 | Brand Search,1889,233,89.97,7,758.08
2026-05-04,HP-S01 | Brand Search,2224,262,119.37,11,1099.09
2026-05-05,HP-S01 | Brand Search,2195,271,108.92,22,1845.41
2026-05-06,HP-S01 | Brand Search,1857,180,85.90,8,834.18
2026-05-07,HP-S01 | Brand Search,2293,246,106.27,15,1261.94
2026-05-08,HP-S01 | Brand Search,1986,200,74.95,7,585.92
2026-05-09,HP-S01 | Brand Search,1695,182,87.17,13,1290.01
2026-05-10,HP-S01 | Brand Search,2569,243,90.47,17,1781.69
2026-05-11,HP-S01 | Brand Search,1673,163,58.60,5,525.23
2026-05-12,HP-S01 | Brand Search,2066,191,77.89,11,860.05
2026-05-13,HP-S01 | Brand Search,2129,253,111.16,14,1461.83
2026-05-14,HP-S01 | Brand Search,2182,205,94.63,9,945.23
2026-05-15,HP-S01 | Brand Search,2124,223,88.38,9,775.33
2026-05-16,HP-S01 | Brand Search,1766,160,64.26,8,670.50
2026-05-17,HP-S01 | Brand Search,2162,183,84.36,11,905.05
2026-05-18,HP-S01 | Brand Search,2095,251,92.18,8,641.41
2026-05-19,HP-S01 | Brand Search,1848,229,105.63,17,1528.16
2026-05-20,HP-S01 | Brand Search,1586,141,52.54,10,946.36
2026-05-21,HP-S01 | Brand Search,2188,216,103.52,7,557.08
2026-05-22,HP-S01 | Brand Search,1892,228,104.84,14,1022.27
2026-05-23,HP-S01 | Brand Search,2407,217,90.51,19,1787.06
2026-05-24,HP-S01 | Brand Search,2066,200,82.53,13,1240.31
2026-05-25,HP-S01 | Brand Search,1822,197,93.60,17,1686.68
2026-05-26,HP-S01 | Brand Search,1649,152,72.90,4,320.96
2026-05-27,HP-S01 | Brand Search,1523,148,57.63,11,751.07
2026-05-28,HP-S01 | Brand Search,2176,223,92.53,20,2026.41
2026-05-29,HP-S01 | Brand Search,1770,196,79.83,17,1288.98
2026-05-30,HP-S01 | Brand Search,2342,223,87.76,9,813.33
2026-05-31,HP-S01 | Brand Search,2269,200,73.22,7,677.68
2026-06-01,HP-S01 | Brand Search,2217,245,101.57,13,1187.97
2026-06-02,HP-S01 | Brand Search,1884,214,76.56,22,1476.51
2026-06-03,HP-S01 | Brand Search,1907,197,85.61,9,637.45
2026-06-04,HP-S01 | Brand Search,1701,199,90.89,7,738.12
2026-06-05,HP-S01 | Brand Search,1514,133,61.98,9,623.59
2026-06-06,HP-S01 | Brand Search,2488,222,86.21,12,951.04
2026-06-07,HP-S01 | Brand Search,2359,269,108.67,14,1280.27
2026-06-08,HP-S01 | Brand Search,2121,234,92.19,15,1405.27
2026-06-09,HP-S01 | Brand Search,1840,159,71.74,9,608.78
2026-06-10,HP-S01 | Brand Search,1757,193,81.25,10,886.62
2026-06-11,HP-S01 | Brand Search,1972,170,68.09,8,703.81
2026-06-12,HP-S01 | Brand Search,2259,245,107.05,14,1166.73
2026-06-13,HP-S01 | Brand Search,1889,230,88.10,18,1715.72
2026-06-14,HP-S01 | Brand Search,1968,239,85.52,11,729.36
2026-06-15,HP-S01 | Brand Search,1820,227,95.26,11,735.97
2026-06-16,HP-S01 | Brand Search,2123,190,84.04,8,727.17
2026-06-17,HP-S01 | Brand Search,1845,169,80.50,12,880.69
2026-06-18,HP-S01 | Brand Search,1957,226,105.52,14,1277.18
2026-06-19,HP-S01 | Brand Search,1803,164,64.70,10,917.82
2026-06-20,HP-S01 | Brand Search,1949,198,72.87,12,1113.65
2026-06-21,HP-S01 | Brand Search,2451,237,105.19,14,1010.58
2026-06-22,HP-S01 | Brand Search,2011,247,109.93,16,1465.76
2026-06-23,HP-S01 | Brand Search,1854,183,77.77,15,1359.97
2026-06-24,HP-S01 | Brand Search,2166,192,84.20,11,806.14
2026-06-25,HP-S01 | Brand Search,2244,272,99.53,17,1536.30
2026-06-26,HP-S01 | Brand Search,2259,199,96.03,13,1213.74
2026-06-27,HP-S01 | Brand Search,2252,260,114.63,7,679.13
2026-06-28,HP-S01 | Brand Search,1923,205,91.17,15,1121.21
2026-06-29,HP-S01 | Brand Search,1589,164,68.40,10,892.52
2026-06-30,HP-S01 | Brand Search,2027,204,95.68,9,722.82
2026-04-01,HP-S02 | Generic - Bedding,4340,211,169.93,6,538.74
2026-04-02,HP-S02 | Generic - Bedding,4342,177,149.92,9,830.80
2026-04-03,HP-S02 | Generic - Bedding,4234,206,166.73,9,797.69
2026-04-04,HP-S02 | Generic - Bedding,5974,285,239.26,10,1278.39
2026-04-05,HP-S02 | Generic - Bedding,5805,288,212.62,9,977.57
2026-04-06,HP-S02 | Generic - Bedding,5060,250,215.49,8,822.77
2026-04-07,HP-S02 | Generic - Bedding,5350,238,196.57,8,943.56
2026-04-08,HP-S02 | Generic - Bedding,5127,280,249.86,6,803.91
2026-04-09,HP-S02 | Generic - Bedding,4913,210,146.58,6,819.53
2026-04-10,HP-S02 | Generic - Bedding,4496,217,194.61,8,712.57
2026-04-11,HP-S02 | Generic - Bedding,5060,256,220.17,9,910.25
2026-04-12,HP-S02 | Generic - Bedding,4928,229,179.85,11,1333.90
2026-04-13,HP-S02 | Generic - Bedding,4956,197,137.16,3,355.71
2026-04-14,HP-S02 | Generic - Bedding,5025,222,166.39,5,575.45
2026-04-15,HP-S02 | Generic - Bedding,4992,252,173.87,5,491.98
2026-04-16,HP-S02 | Generic - Bedding,4614,222,177.33,7,870.46
2026-04-17,HP-S02 | Generic - Bedding,4232,211,172.19,9,978.41
2026-04-18,HP-S02 | Generic - Bedding,5702,300,234.33,7,845.58
2026-04-19,HP-S02 | Generic - Bedding,5546,272,231.49,9,828.99
2026-04-20,HP-S02 | Generic - Bedding,4784,259,221.87,7,660.71
2026-04-21,HP-S02 | Generic - Bedding,5303,226,150.52,8,718.31
2026-04-22,HP-S02 | Generic - Bedding,5385,229,183.72,5,570.67
2026-04-23,HP-S02 | Generic - Bedding,4859,220,194.84,6,697.45
2026-04-24,HP-S02 | Generic - Bedding,5512,293,241.10,10,1257.29
2026-04-25,HP-S02 | Generic - Bedding,4978,266,190.47,6,707.47
2026-04-26,HP-S02 | Generic - Bedding,4871,213,144.86,5,467.47
2026-04-27,HP-S02 | Generic - Bedding,4370,182,152.50,6,632.39
2026-04-28,HP-S02 | Generic - Bedding,4442,221,187.55,8,1039.63
2026-04-29,HP-S02 | Generic - Bedding,5017,215,156.65,7,884.95
2026-04-30,HP-S02 | Generic - Bedding,5101,196,151.44,10,1029.94
2026-05-01,HP-S02 | Generic - Bedding,4638,186,128.24,8,870.59
2026-05-02,HP-S02 | Generic - Bedding,4978,217,185.44,7,906.19
2026-05-03,HP-S02 | Generic - Bedding,5043,205,149.41,9,1013.26
2026-05-04,HP-S02 | Generic - Bedding,5596,228,193.29,13,1803.27
2026-05-05,HP-S02 | Generic - Bedding,4661,188,127.38,9,1119.17
2026-05-06,HP-S02 | Generic - Bedding,5343,286,231.96,7,654.59
2026-05-07,HP-S02 | Generic - Bedding,4852,236,169.56,5,498.85
2026-05-08,HP-S02 | Generic - Bedding,4354,181,153.08,6,696.10
2026-05-09,HP-S02 | Generic - Bedding,5517,245,165.58,16,1729.44
2026-05-10,HP-S02 | Generic - Bedding,6104,228,168.77,12,1509.18
2026-05-11,HP-S02 | Generic - Bedding,4499,183,121.34,10,993.40
2026-05-12,HP-S02 | Generic - Bedding,4699,200,136.34,4,501.25
2026-05-13,HP-S02 | Generic - Bedding,4445,234,158.53,5,591.14
2026-05-14,HP-S02 | Generic - Bedding,4419,176,150.61,3,405.51
2026-05-15,HP-S02 | Generic - Bedding,4962,268,231.38,5,659.95
2026-05-16,HP-S02 | Generic - Bedding,6158,229,186.16,11,1134.71
2026-05-17,HP-S02 | Generic - Bedding,5937,296,251.20,15,1461.50
2026-05-18,HP-S02 | Generic - Bedding,4298,203,157.13,6,821.13
2026-05-19,HP-S02 | Generic - Bedding,4460,216,145.07,11,1246.81
2026-05-20,HP-S02 | Generic - Bedding,4622,177,153.06,4,521.18
2026-05-21,HP-S02 | Generic - Bedding,4765,262,231.88,8,869.00
2026-05-22,HP-S02 | Generic - Bedding,4310,211,166.67,17,2047.81
2026-05-23,HP-S02 | Generic - Bedding,5945,319,219.69,11,1044.60
2026-05-24,HP-S02 | Generic - Bedding,4803,257,198.56,7,968.00
2026-05-25,HP-S02 | Generic - Bedding,5005,214,150.40,10,1176.43
2026-05-26,HP-S02 | Generic - Bedding,5111,273,201.37,12,1652.53
2026-05-27,HP-S02 | Generic - Bedding,5296,241,184.53,6,572.57
2026-05-28,HP-S02 | Generic - Bedding,4835,241,204.11,9,1170.46
2026-05-29,HP-S02 | Generic - Bedding,4939,208,174.59,6,543.87
2026-05-30,HP-S02 | Generic - Bedding,5425,294,236.91,9,1243.10
2026-05-31,HP-S02 | Generic - Bedding,4939,210,176.19,10,847.83
2026-06-01,HP-S02 | Generic - Bedding,5476,293,228.67,10,1031.03
2026-06-02,HP-S02 | Generic - Bedding,4901,248,177.16,4,389.31
2026-06-03,HP-S02 | Generic - Bedding,5105,281,251.70,9,949.68
2026-06-04,HP-S02 | Generic - Bedding,5575,226,156.77,7,834.18
2026-06-05,HP-S02 | Generic - Bedding,5482,252,197.54,8,892.18
2026-06-06,HP-S02 | Generic - Bedding,4800,196,157.29,11,1471.38
2026-06-07,HP-S02 | Generic - Bedding,5566,224,165.46,4,517.82
2026-06-08,HP-S02 | Generic - Bedding,5160,273,181.23,9,1106.54
2026-06-09,HP-S02 | Generic - Bedding,4341,196,154.88,6,536.56
2026-06-10,HP-S02 | Generic - Bedding,4581,178,134.96,3,324.57
2026-06-11,HP-S02 | Generic - Bedding,5403,251,195.24,9,911.97
2026-06-12,HP-S02 | Generic - Bedding,4931,207,163.33,10,1164.04
2026-06-13,HP-S02 | Generic - Bedding,5005,197,158.09,5,427.19
2026-06-14,HP-S02 | Generic - Bedding,5216,263,196.45,4,341.08
2026-06-15,HP-S02 | Generic - Bedding,5098,226,165.39,8,1026.01
2026-06-16,HP-S02 | Generic - Bedding,5487,228,153.78,4,462.23
2026-06-17,HP-S02 | Generic - Bedding,4890,255,222.53,7,817.90
2026-06-18,HP-S02 | Generic - Bedding,4700,185,139.26,2,241.31
2026-06-19,HP-S02 | Generic - Bedding,4689,178,150.10,6,728.52
2026-06-20,HP-S02 | Generic - Bedding,5955,269,187.74,8,1017.00
2026-06-21,HP-S02 | Generic - Bedding,4808,229,155.86,6,705.32
2026-06-22,HP-S02 | Generic - Bedding,4973,205,155.92,8,834.18
2026-06-23,HP-S02 | Generic - Bedding,4751,229,203.47,8,775.92
2026-06-24,HP-S02 | Generic - Bedding,5537,296,236.79,20,2228.86
2026-06-25,HP-S02 | Generic - Bedding,4200,184,160.15,5,676.77
2026-06-26,HP-S02 | Generic - Bedding,4425,227,160.17,9,1068.66
2026-06-27,HP-S02 | Generic - Bedding,5357,199,143.23,9,1237.99
2026-06-28,HP-S02 | Generic - Bedding,5348,244,197.13,13,1553.16
2026-06-29,HP-S02 | Generic - Bedding,4954,239,197.40,3,358.10
2026-06-30,HP-S02 | Generic - Bedding,4928,259,226.71,15,1754.42
2026-04-01,HP-S03 | Generic - Lighting,3213,147,136.93,5,375.62
2026-04-02,HP-S03 | Generic - Lighting,3853,140,111.45,1,68.53
2026-04-03,HP-S03 | Generic - Lighting,4294,144,117.97,2,179.96
2026-04-04,HP-S03 | Generic - Lighting,3765,145,115.03,1,78.64
2026-04-05,HP-S03 | Generic - Lighting,4679,161,138.85,3,220.95
2026-04-06,HP-S03 | Generic - Lighting,4277,147,126.97,3,205.32
2026-04-07,HP-S03 | Generic - Lighting,3774,162,114.76,2,116.38
2026-04-08,HP-S03 | Generic - Lighting,4218,150,121.53,4,374.27
2026-04-09,HP-S03 | Generic - Lighting,3497,149,129.63,1,84.82
2026-04-10,HP-S03 | Generic - Lighting,4084,175,137.00,2,131.88
2026-04-11,HP-S03 | Generic - Lighting,4235,199,168.31,4,287.64
2026-04-12,HP-S03 | Generic - Lighting,4180,156,126.20,2,147.23
2026-04-13,HP-S03 | Generic - Lighting,3902,163,130.97,3,252.35
2026-04-14,HP-S03 | Generic - Lighting,3372,125,106.40,3,172.94
2026-04-15,HP-S03 | Generic - Lighting,3435,131,118.13,2,175.75
2026-04-16,HP-S03 | Generic - Lighting,3303,122,98.56,1,94.02
2026-04-17,HP-S03 | Generic - Lighting,4024,134,109.22,3,268.28
2026-04-18,HP-S03 | Generic - Lighting,3791,152,114.68,2,188.84
2026-04-19,HP-S03 | Generic - Lighting,3961,193,141.99,1,82.82
2026-04-20,HP-S03 | Generic - Lighting,3581,174,134.84,4,275.22
2026-04-21,HP-S03 | Generic - Lighting,3669,149,119.47,3,257.88
2026-04-22,HP-S03 | Generic - Lighting,4054,155,114.75,3,249.82
2026-04-23,HP-S03 | Generic - Lighting,3738,130,119.27,2,174.31
2026-04-24,HP-S03 | Generic - Lighting,4057,190,167.67,4,343.09
2026-04-25,HP-S03 | Generic - Lighting,4128,148,136.16,1,84.33
2026-04-26,HP-S03 | Generic - Lighting,3875,183,130.70,4,370.57
2026-04-27,HP-S03 | Generic - Lighting,4256,176,127.70,1,94.24
2026-04-28,HP-S03 | Generic - Lighting,3979,192,145.16,2,147.27
2026-04-29,HP-S03 | Generic - Lighting,3969,176,160.17,3,238.98
2026-04-30,HP-S03 | Generic - Lighting,3155,142,100.25,1,74.34
2026-05-01,HP-S03 | Generic - Lighting,4009,150,131.57,3,254.69
2026-05-02,HP-S03 | Generic - Lighting,4020,155,124.00,4,360.91
2026-05-03,HP-S03 | Generic - Lighting,3643,136,117.37,1,67.33
2026-05-04,HP-S03 | Generic - Lighting,4237,194,149.85,4,335.18
2026-05-05,HP-S03 | Generic - Lighting,3602,119,97.46,4,368.14
2026-05-06,HP-S03 | Generic - Lighting,3234,131,114.04,2,183.34
2026-05-07,HP-S03 | Generic - Lighting,3784,141,119.91,3,246.01
2026-05-08,HP-S03 | Generic - Lighting,3504,125,108.34,2,160.06
2026-05-09,HP-S03 | Generic - Lighting,3567,136,102.68,2,181.24
2026-05-10,HP-S03 | Generic - Lighting,3583,127,109.29,6,493.86
2026-05-11,HP-S03 | Generic - Lighting,3255,111,85.48,1,60.07
2026-05-12,HP-S03 | Generic - Lighting,4116,201,145.99,0,0.00
2026-05-13,HP-S03 | Generic - Lighting,3987,174,153.14,3,262.10
2026-05-14,HP-S03 | Generic - Lighting,3110,149,115.08,5,419.61
2026-05-15,HP-S03 | Generic - Lighting,3438,124,117.11,3,199.49
2026-05-16,HP-S03 | Generic - Lighting,3568,124,87.82,2,181.01
2026-05-17,HP-S03 | Generic - Lighting,3680,138,127.67,5,340.61
2026-05-18,HP-S03 | Generic - Lighting,4284,168,126.76,2,132.47
2026-05-19,HP-S03 | Generic - Lighting,4092,138,118.09,4,322.22
2026-05-20,HP-S03 | Generic - Lighting,3245,132,115.33,0,0.00
2026-05-21,HP-S03 | Generic - Lighting,3231,133,114.76,1,69.24
2026-05-22,HP-S03 | Generic - Lighting,3005,107,81.31,2,155.56
2026-05-23,HP-S03 | Generic - Lighting,3994,173,134.26,7,639.71
2026-05-24,HP-S03 | Generic - Lighting,3681,159,134.92,2,177.92
2026-05-25,HP-S03 | Generic - Lighting,4078,171,156.42,1,68.60
2026-05-26,HP-S03 | Generic - Lighting,3310,157,134.97,0,0.00
2026-05-27,HP-S03 | Generic - Lighting,4394,148,107.12,1,71.98
2026-05-28,HP-S03 | Generic - Lighting,4208,165,131.07,5,327.96
2026-05-29,HP-S03 | Generic - Lighting,4330,197,139.45,4,255.55
2026-05-30,HP-S03 | Generic - Lighting,3504,129,97.00,2,129.63
2026-05-31,HP-S03 | Generic - Lighting,4729,221,188.91,7,577.59
2026-06-01,HP-S03 | Generic - Lighting,3934,129,105.36,1,64.82
2026-06-02,HP-S03 | Generic - Lighting,3107,114,106.37,3,197.77
2026-06-03,HP-S03 | Generic - Lighting,4032,194,182.18,3,280.00
2026-06-04,HP-S03 | Generic - Lighting,4018,133,99.70,1,72.15
2026-06-05,HP-S03 | Generic - Lighting,4077,166,149.53,3,255.57
2026-06-06,HP-S03 | Generic - Lighting,4899,216,163.50,6,461.42
2026-06-07,HP-S03 | Generic - Lighting,4461,206,165.58,3,197.24
2026-06-08,HP-S03 | Generic - Lighting,3100,151,135.94,6,420.59
2026-06-09,HP-S03 | Generic - Lighting,3131,141,104.37,3,199.77
2026-06-10,HP-S03 | Generic - Lighting,4375,149,124.80,2,133.06
2026-06-11,HP-S03 | Generic - Lighting,4068,170,153.99,3,283.81
2026-06-12,HP-S03 | Generic - Lighting,4351,194,179.33,3,236.74
2026-06-13,HP-S03 | Generic - Lighting,4728,225,212.88,2,182.72
2026-06-14,HP-S03 | Generic - Lighting,3843,141,123.19,2,171.13
2026-06-15,HP-S03 | Generic - Lighting,3183,148,131.96,1,83.82
2026-06-16,HP-S03 | Generic - Lighting,3644,170,150.16,3,245.56
2026-06-17,HP-S03 | Generic - Lighting,4005,185,168.70,1,66.32
2026-06-18,HP-S03 | Generic - Lighting,3552,152,135.92,1,90.98
2026-06-19,HP-S03 | Generic - Lighting,4189,147,127.12,3,178.60
2026-06-20,HP-S03 | Generic - Lighting,4716,216,182.66,2,174.88
2026-06-21,HP-S03 | Generic - Lighting,4580,174,164.23,2,164.40
2026-06-22,HP-S03 | Generic - Lighting,3694,178,150.59,4,234.62
2026-06-23,HP-S03 | Generic - Lighting,3122,114,108.39,0,0.00
2026-06-24,HP-S03 | Generic - Lighting,3154,154,113.50,2,161.54
2026-06-25,HP-S03 | Generic - Lighting,3184,146,111.91,3,261.58
2026-06-26,HP-S03 | Generic - Lighting,3441,148,109.07,0,0.00
2026-06-27,HP-S03 | Generic - Lighting,3857,188,138.99,3,196.64
2026-06-28,HP-S03 | Generic - Lighting,4020,137,100.44,4,258.53
2026-06-29,HP-S03 | Generic - Lighting,3025,134,109.45,0,0.00
2026-06-30,HP-S03 | Generic - Lighting,3276,115,92.50,2,178.05
2026-04-01,HP-S04 | Competitor Terms,1346,38,52.85,2,211.18
2026-04-02,HP-S04 | Competitor Terms,1562,42,60.81,0,0.00
2026-04-03,HP-S04 | Competitor Terms,1170,34,39.93,0,0.00
2026-04-04,HP-S04 | Competitor Terms,1857,68,84.72,1,98.84
2026-04-05,HP-S04 | Competitor Terms,1356,52,77.47,1,80.48
2026-04-06,HP-S04 | Competitor Terms,1539,41,50.41,0,0.00
2026-04-07,HP-S04 | Competitor Terms,1614,54,76.33,1,104.99
2026-04-08,HP-S04 | Competitor Terms,1182,32,45.68,0,0.00
2026-04-09,HP-S04 | Competitor Terms,1341,48,66.66,2,178.56
2026-04-10,HP-S04 | Competitor Terms,1192,39,53.32,1,82.86
2026-04-11,HP-S04 | Competitor Terms,1528,45,61.87,0,0.00
2026-04-12,HP-S04 | Competitor Terms,1706,48,55.16,1,115.69
2026-04-13,HP-S04 | Competitor Terms,1578,50,67.50,0,0.00
2026-04-14,HP-S04 | Competitor Terms,1232,32,41.50,1,110.70
2026-04-15,HP-S04 | Competitor Terms,1473,55,72.06,0,0.00
2026-04-16,HP-S04 | Competitor Terms,1349,40,53.77,0,0.00
2026-04-17,HP-S04 | Competitor Terms,1637,42,50.33,0,0.00
2026-04-18,HP-S04 | Competitor Terms,1742,60,80.05,3,284.92
2026-04-19,HP-S04 | Competitor Terms,1717,52,64.44,1,94.14
2026-04-20,HP-S04 | Competitor Terms,1215,34,46.36,0,0.00
2026-04-21,HP-S04 | Competitor Terms,1607,41,61.56,0,0.00
2026-04-22,HP-S04 | Competitor Terms,1489,55,70.33,1,98.64
2026-04-23,HP-S04 | Competitor Terms,1462,47,67.54,1,86.50
2026-04-24,HP-S04 | Competitor Terms,1647,63,92.71,1,108.74
2026-04-25,HP-S04 | Competitor Terms,1674,55,70.74,2,230.19
2026-04-26,HP-S04 | Competitor Terms,1704,47,70.60,1,82.22
2026-04-27,HP-S04 | Competitor Terms,1653,62,76.66,0,0.00
2026-04-28,HP-S04 | Competitor Terms,1679,49,74.12,1,114.62
2026-04-29,HP-S04 | Competitor Terms,1585,56,82.67,1,88.69
2026-04-30,HP-S04 | Competitor Terms,1404,37,51.56,2,192.26
2026-05-01,HP-S04 | Competitor Terms,1449,50,70.77,1,94.69
2026-05-02,HP-S04 | Competitor Terms,1303,45,54.18,0,0.00
2026-05-03,HP-S04 | Competitor Terms,1244,38,48.74,0,0.00
2026-05-04,HP-S04 | Competitor Terms,1647,45,65.65,2,216.12
2026-05-05,HP-S04 | Competitor Terms,1309,45,53.73,0,0.00
2026-05-06,HP-S04 | Competitor Terms,1159,44,55.10,1,81.35
2026-05-07,HP-S04 | Competitor Terms,1277,43,57.58,1,95.41
2026-05-08,HP-S04 | Competitor Terms,1584,48,58.39,2,216.49
2026-05-09,HP-S04 | Competitor Terms,1840,68,99.31,1,90.32
2026-05-10,HP-S04 | Competitor Terms,1864,69,105.30,1,111.33
2026-05-11,HP-S04 | Competitor Terms,1652,47,57.59,0,0.00
2026-05-12,HP-S04 | Competitor Terms,1332,38,53.19,0,0.00
2026-05-13,HP-S04 | Competitor Terms,1445,53,73.17,0,0.00
2026-05-14,HP-S04 | Competitor Terms,1581,50,68.62,2,170.38
2026-05-15,HP-S04 | Competitor Terms,1356,51,73.96,0,0.00
2026-05-16,HP-S04 | Competitor Terms,1649,60,74.82,2,157.26
2026-05-17,HP-S04 | Competitor Terms,1562,49,57.08,2,205.38
2026-05-18,HP-S04 | Competitor Terms,1546,57,78.40,0,0.00
2026-05-19,HP-S04 | Competitor Terms,1313,49,70.29,1,75.83
2026-05-20,HP-S04 | Competitor Terms,1238,36,51.06,1,75.94
2026-05-21,HP-S04 | Competitor Terms,1437,43,66.38,1,114.42
2026-05-22,HP-S04 | Competitor Terms,1334,49,62.45,2,153.40
2026-05-23,HP-S04 | Competitor Terms,1774,66,75.90,0,0.00
2026-05-24,HP-S04 | Competitor Terms,1576,59,89.38,1,94.70
2026-05-25,HP-S04 | Competitor Terms,1131,30,36.14,0,0.00
2026-05-26,HP-S04 | Competitor Terms,1572,52,60.75,2,201.44
2026-05-27,HP-S04 | Competitor Terms,1332,47,62.09,1,103.74
2026-05-28,HP-S04 | Competitor Terms,1604,59,72.25,0,0.00
2026-05-29,HP-S04 | Competitor Terms,1272,36,41.85,0,0.00
2026-05-30,HP-S04 | Competitor Terms,1415,40,57.30,0,0.00
2026-05-31,HP-S04 | Competitor Terms,1717,50,60.15,2,230.07
2026-06-01,HP-S04 | Competitor Terms,1223,34,47.02,0,0.00
2026-06-02,HP-S04 | Competitor Terms,1368,39,48.62,0,0.00
2026-06-03,HP-S04 | Competitor Terms,1256,42,62.98,2,209.42
2026-06-04,HP-S04 | Competitor Terms,1163,42,60.91,3,275.04
2026-06-05,HP-S04 | Competitor Terms,1599,56,64.97,0,0.00
2026-06-06,HP-S04 | Competitor Terms,1565,60,76.33,2,235.37
2026-06-07,HP-S04 | Competitor Terms,1757,59,87.65,4,466.47
2026-06-08,HP-S04 | Competitor Terms,1579,59,89.31,3,239.38
2026-06-09,HP-S04 | Competitor Terms,1231,37,56.63,0,0.00
2026-06-10,HP-S04 | Competitor Terms,1200,37,45.75,0,0.00
2026-06-11,HP-S04 | Competitor Terms,1210,36,43.47,0,0.00
2026-06-12,HP-S04 | Competitor Terms,1529,58,77.04,1,102.30
2026-06-13,HP-S04 | Competitor Terms,1324,45,65.29,1,92.39
2026-06-14,HP-S04 | Competitor Terms,1659,61,80.10,2,144.09
2026-06-15,HP-S04 | Competitor Terms,1686,46,70.38,0,0.00
2026-06-16,HP-S04 | Competitor Terms,1349,39,58.57,1,93.01
2026-06-17,HP-S04 | Competitor Terms,1214,46,63.85,0,0.00
2026-06-18,HP-S04 | Competitor Terms,1245,47,56.34,1,79.66
2026-06-19,HP-S04 | Competitor Terms,1447,45,55.11,0,0.00
2026-06-20,HP-S04 | Competitor Terms,1641,47,56.22,1,89.83
2026-06-21,HP-S04 | Competitor Terms,1504,39,57.12,0,0.00
2026-06-22,HP-S04 | Competitor Terms,1329,45,58.65,0,0.00
2026-06-23,HP-S04 | Competitor Terms,1575,47,60.99,2,193.18
2026-06-24,HP-S04 | Competitor Terms,1251,42,52.20,2,177.47
2026-06-25,HP-S04 | Competitor Terms,1561,54,81.49,0,0.00
2026-06-26,HP-S04 | Competitor Terms,1609,60,78.45,1,101.82
2026-06-27,HP-S04 | Competitor Terms,1280,34,44.32,1,71.33
2026-06-28,HP-S04 | Competitor Terms,1544,58,66.81,1,72.30
2026-06-29,HP-S04 | Competitor Terms,1350,45,58.87,1,86.43
2026-06-30,HP-S04 | Competitor Terms,1617,53,67.41,0,0.00
2026-04-01,HP-S05 | Spring Sale,2594,192,101.13,16,1872.91
2026-04-02,HP-S05 | Spring Sale,2581,190,112.62,9,689.18
2026-04-03,HP-S05 | Spring Sale,2764,186,113.27,8,684.93
2026-04-04,HP-S05 | Spring Sale,3602,239,158.33,23,2482.75
2026-04-05,HP-S05 | Spring Sale,3285,184,110.45,10,752.57
2026-04-06,HP-S05 | Spring Sale,3031,204,117.06,16,1384.09
2026-04-07,HP-S05 | Spring Sale,3379,228,130.27,13,1353.03
2026-04-08,HP-S05 | Spring Sale,3293,188,122.98,12,1264.38
2026-04-09,HP-S05 | Spring Sale,3352,232,152.01,16,1553.37
2026-04-10,HP-S05 | Spring Sale,2840,170,111.95,6,497.70
2026-04-11,HP-S05 | Spring Sale,2818,171,112.62,14,1394.83
2026-04-12,HP-S05 | Spring Sale,2893,175,105.92,7,556.23
2026-04-13,HP-S05 | Spring Sale,3163,183,98.47,5,373.60
2026-04-14,HP-S05 | Spring Sale,2609,164,108.10,13,1181.38
2026-04-15,HP-S05 | Spring Sale,3565,265,170.18,12,1350.42
2026-04-16,HP-S05 | Spring Sale,2965,152,82.56,14,1452.67
2026-04-17,HP-S05 | Spring Sale,3456,231,133.63,22,1939.42
2026-04-18,HP-S05 | Spring Sale,3376,189,99.39,9,855.53
2026-04-19,HP-S05 | Spring Sale,3149,157,97.14,6,619.84
2026-04-20,HP-S05 | Spring Sale,3508,246,156.84,11,1231.02
2026-04-21,HP-S05 | Spring Sale,3060,214,126.67,15,1734.93
2026-04-22,HP-S05 | Spring Sale,3262,213,121.49,12,1285.50
2026-04-23,HP-S05 | Spring Sale,3403,185,104.19,9,720.60
2026-04-24,HP-S05 | Spring Sale,3378,225,150.96,13,1029.43
2026-04-25,HP-S05 | Spring Sale,3401,193,135.28,11,843.09
2026-04-26,HP-S05 | Spring Sale,3703,241,157.91,15,1551.69
2026-04-27,HP-S05 | Spring Sale,3443,194,130.45,8,862.05
2026-04-28,HP-S05 | Spring Sale,2845,207,132.41,9,738.27
2026-04-29,HP-S05 | Spring Sale,2853,144,99.40,4,475.85
2026-04-30,HP-S05 | Spring Sale,3031,199,127.86,15,1391.57
2026-05-01,HP-S05 | Spring Sale,3044,164,86.08,15,1812.07
2026-05-02,HP-S05 | Spring Sale,3874,265,140.25,12,962.26
2026-05-03,HP-S05 | Spring Sale,3988,281,187.96,17,1631.47
2026-05-04,HP-S05 | Spring Sale,2782,143,88.26,10,795.41
2026-05-05,HP-S05 | Spring Sale,3352,176,104.21,13,1042.91
2026-05-06,HP-S05 | Spring Sale,2811,144,99.43,6,543.81
2026-05-07,HP-S05 | Spring Sale,2667,171,102.52,5,473.34
2026-05-08,HP-S05 | Spring Sale,2601,181,105.42,13,1013.20
2026-05-09,HP-S05 | Spring Sale,3898,285,182.18,16,1470.95
2026-05-10,HP-S05 | Spring Sale,3961,236,141.74,19,1539.91
2026-05-11,HP-S05 | Spring Sale,2926,155,80.40,5,367.88
2026-05-12,HP-S05 | Spring Sale,3310,243,145.52,12,1228.14
2026-05-13,HP-S05 | Spring Sale,2941,195,112.76,9,805.07
2026-05-14,HP-S05 | Spring Sale,3130,204,120.15,14,1481.51
2026-05-15,HP-S05 | Spring Sale,3492,188,100.05,13,1382.46
2026-06-01,HP-S06 | Summer Sale,3168,176,113.37,5,625.98
2026-06-02,HP-S06 | Summer Sale,3099,189,127.63,11,1246.66
2026-06-03,HP-S06 | Summer Sale,3715,255,147.45,11,1326.93
2026-06-04,HP-S06 | Summer Sale,3451,209,133.68,9,936.40
2026-06-05,HP-S06 | Summer Sale,3757,226,164.87,12,1418.97
2026-06-06,HP-S06 | Summer Sale,3451,198,140.52,17,2094.61
2026-06-07,HP-S06 | Summer Sale,4180,211,123.13,12,952.72
2026-06-08,HP-S06 | Summer Sale,3517,192,118.63,11,872.21
2026-06-09,HP-S06 | Summer Sale,3692,186,119.64,9,1168.61
2026-06-10,HP-S06 | Summer Sale,3780,241,137.73,7,618.95
2026-06-11,HP-S06 | Summer Sale,2817,151,88.59,13,1099.20
2026-06-12,HP-S06 | Summer Sale,3690,256,157.11,20,1958.14
2026-06-13,HP-S06 | Summer Sale,3288,194,128.50,13,1333.76
2026-06-14,HP-S06 | Summer Sale,4061,234,157.12,13,1456.16
2026-06-15,HP-S06 | Summer Sale,3128,153,85.80,13,1531.87
2026-06-16,HP-S06 | Summer Sale,3768,225,158.52,12,1291.52
2026-06-17,HP-S06 | Summer Sale,3694,246,135.48,10,1182.08
2026-06-18,HP-S06 | Summer Sale,3864,243,154.62,10,975.37
2026-06-19,HP-S06 | Summer Sale,3156,200,143.63,7,635.17
2026-06-20,HP-S06 | Summer Sale,3595,184,111.68,12,1527.08
2026-06-21,HP-S06 | Summer Sale,3935,251,161.67,9,984.67
2026-06-22,HP-S06 | Summer Sale,3439,187,103.60,9,825.94
2026-06-23,HP-S06 | Summer Sale,3435,166,121.83,7,852.78
2026-06-24,HP-S06 | Summer Sale,3377,210,147.93,7,639.29
2026-06-25,HP-S06 | Summer Sale,3686,227,138.98,15,1854.68
2026-06-26,HP-S06 | Summer Sale,3410,176,121.48,12,1046.00
2026-06-27,HP-S06 | Summer Sale,4119,227,148.88,14,1155.52
2026-06-28,HP-S06 | Summer Sale,3154,206,138.19,10,934.56
2026-06-29,HP-S06 | Summer Sale,3844,180,121.39,8,642.08
2026-06-30,HP-S06 | Summer Sale,2891,184,127.91,6,688.03
