Day,Campaign name,Impressions,Link clicks,Amount spent (USD),Purchases,Purchase value
2026-04-01,HP-F01 | Prospecting - Lookalike,11281,140,$88.99,3,258.35
2026-04-02,HP-F01 | Prospecting - Lookalike,10403,100,$62.33,2,176.86
2026-04-03,HP-F01 | Prospecting - Lookalike,12986,139,$85.63,3,327.40
2026-04-04,HP-F01 | Prospecting - Lookalike,10620,102,$68.62,3,293.26
2026-04-05,HP-F01 | Prospecting - Lookalike,12901,157,$98.64,4,302.24
2026-04-06,HP-F01 | Prospecting - Lookalike,9683,113,$68.42,3,232.34
2026-04-07,HP-F01 | Prospecting - Lookalike,11219,143,$95.06,8,902.60
2026-04-08,HP-F01 | Prospecting - Lookalike,11901,152,$80.19,2,215.18
2026-04-09,HP-F01 | Prospecting - Lookalike,9267,116,$62.85,4,338.30
2026-04-10,HP-F01 | Prospecting - Lookalike,12891,122,$83.21,4,435.56
2026-04-11,HP-F01 | Prospecting - Lookalike,12228,153,$94.85,5,359.13
2026-04-12,HP-F01 | Prospecting - Lookalike,13922,175,$102.99,3,238.52
2026-04-13,HP-F01 | Prospecting - Lookalike,11439,138,$82.94,4,398.90
2026-04-14,HP-F01 | Prospecting - Lookalike,11414,133,$85.10,0,0.00
2026-04-15,HP-F01 | Prospecting - Lookalike,9641,124,$73.35,0,0.00
2026-04-16,HP-F01 | Prospecting - Lookalike,12983,170,$90.63,5,547.94
2026-04-17,HP-F01 | Prospecting - Lookalike,11769,109,$68.55,4,419.64
2026-04-18,HP-F01 | Prospecting - Lookalike,12804,116,$73.32,2,217.48
2026-04-19,HP-F01 | Prospecting - Lookalike,13624,149,$84.63,3,338.14
2026-04-20,HP-F01 | Prospecting - Lookalike,10454,119,$66.02,5,390.13
2026-04-21,HP-F01 | Prospecting - Lookalike,12016,130,$82.69,5,435.06
2026-04-22,HP-F01 | Prospecting - Lookalike,9769,87,$47.71,3,255.13
2026-04-23,HP-F01 | Prospecting - Lookalike,12580,157,$98.77,5,376.04
2026-04-24,HP-F01 | Prospecting - Lookalike,11353,104,$71.90,1,92.56
2026-04-25,HP-F01 | Prospecting - Lookalike,11990,120,$81.42,3,319.55
2026-04-26,HP-F01 | Prospecting - Lookalike,12709,129,$79.73,4,429.66
2026-04-27,HP-F01 | Prospecting - Lookalike,11773,146,$81.48,4,367.47
2026-04-28,HP-F01 | Prospecting - Lookalike,10737,130,$76.71,2,225.37
2026-04-29,HP-F01 | Prospecting - Lookalike,10314,125,$69.03,0,0.00
2026-04-30,HP-F01 | Prospecting - Lookalike,12894,135,$83.66,5,559.62
2026-05-01,hp-f01 | Prospecting LAL,9224,119,$77.02,5,515.07
2026-05-02,hp-f01 | Prospecting LAL,13336,149,$95.82,1,93.76
2026-05-03,hp-f01 | Prospecting LAL,11966,145,$88.33,5,344.00
2026-05-04,hp-f01 | Prospecting LAL,10424,107,$61.63,5,439.15
2026-05-05,hp-f01 | Prospecting LAL,12397,150,$104.12,4,281.80
2026-05-06,hp-f01 | Prospecting LAL,10151,90,$60.89,1,97.19
2026-05-07,hp-f01 | Prospecting LAL,9391,119,$82.32,2,147.31
2026-05-08,hp-f01 | Prospecting LAL,11440,123,$81.12,2,192.63
2026-05-09,hp-f01 | Prospecting LAL,11605,135,$85.94,3,283.54
2026-05-10,hp-f01 | Prospecting LAL,13683,173,$119.38,1,113.20
2026-05-11,hp-f01 | Prospecting LAL,11341,100,$53.40,3,268.46
2026-05-12,hp-f01 | Prospecting LAL,11401,141,$85.01,4,386.55
2026-05-13,hp-f01 | Prospecting LAL,9664,96,$51.96,0,0.00
2026-05-14,hp-f01 | Prospecting LAL,12234,127,$81.16,6,532.52
2026-05-15,hp-f01 | Prospecting LAL,10581,94,$58.89,3,220.67
2026-05-16,hp-f01 | Prospecting LAL,12348,141,$89.40,4,313.71
2026-05-17,hp-f01 | Prospecting LAL,11048,137,$86.46,3,291.64
2026-05-18,hp-f01 | Prospecting LAL,12404,155,$85.52,4,324.88
2026-05-19,hp-f01 | Prospecting LAL,12921,142,$79.21,5,565.80
2026-05-20,hp-f01 | Prospecting LAL,10737,117,$79.82,2,177.56
2026-05-21,hp-f01 | Prospecting LAL,11165,132,$81.49,2,204.75
2026-05-22,hp-f01 | Prospecting LAL,9152,110,$67.42,4,408.14
2026-05-23,hp-f01 | Prospecting LAL,11500,107,$70.23,1,102.24
2026-05-24,hp-f01 | Prospecting LAL,14308,138,$79.65,3,225.29
2026-05-25,hp-f01 | Prospecting LAL,10176,104,$66.40,5,466.97
2026-05-26,hp-f01 | Prospecting LAL,11745,127,$77.04,2,162.07
2026-05-27,hp-f01 | Prospecting LAL,11397,142,$96.46,2,194.49
2026-05-28,hp-f01 | Prospecting LAL,10200,93,$49.93,0,0.00
2026-05-29,hp-f01 | Prospecting LAL,9339,98,$55.30,3,287.54
2026-05-30,hp-f01 | Prospecting LAL,12546,139,$80.21,2,179.13
2026-05-31,hp-f01 | Prospecting LAL,10699,115,$81.26,4,314.75
2026-06-01,hp-f01 | Prospecting LAL,9350,105,$60.92,5,500.69
2026-06-02,hp-f01 | Prospecting LAL,11785,123,$67.94,2,138.72
2026-06-03,hp-f01 | Prospecting LAL,10536,110,$59.08,2,222.22
2026-06-04,hp-f01 | Prospecting LAL,12156,145,$87.52,3,218.67
2026-06-05,hp-f01 | Prospecting LAL,9780,95,$58.44,0,0.00
2026-06-06,hp-f01 | Prospecting LAL,13192,150,$82.46,3,311.29
2026-06-07,hp-f01 | Prospecting LAL,12321,155,$94.41,3,232.79
2026-06-08,hp-f01 | Prospecting LAL,9941,114,$77.40,3,211.09
2026-06-09,hp-f01 | Prospecting LAL,11026,137,$93.45,7,777.28
2026-06-10,hp-f01 | Prospecting LAL,10341,124,$84.06,7,693.77
2026-06-11,hp-f01 | Prospecting LAL,12754,154,$108.42,5,477.76
2026-06-12,hp-f01 | Prospecting LAL,9873,115,$60.71,1,82.20
2026-06-13,hp-f01 | Prospecting LAL,11089,115,$79.11,0,0.00
2026-06-14,hp-f01 | Prospecting LAL,11873,133,$86.91,0,0.00
2026-06-15,hp-f01 | Prospecting LAL,11689,146,$79.42,4,355.24
2026-06-16,hp-f01 | Prospecting LAL,10109,93,$61.61,1,70.18
2026-06-17,hp-f01 | Prospecting LAL,12636,155,$109.18,4,342.27
2026-06-18,hp-f01 | Prospecting LAL,11127,137,$74.43,3,336.97
2026-06-19,hp-f01 | Prospecting LAL,11957,142,$94.70,5,489.63
2026-06-20,hp-f01 | Prospecting LAL,10895,111,$74.97,1,109.04
2026-06-21,hp-f01 | Prospecting LAL,14125,128,$83.45,4,325.21
2026-06-22,hp-f01 | Prospecting LAL,9627,111,$63.58,0,0.00
2026-06-23,hp-f01 | Prospecting LAL,10955,101,$57.72,1,69.33
2026-06-24,hp-f01 | Prospecting LAL,10859,116,$64.71,2,136.77
2026-06-25,hp-f01 | Prospecting LAL,10900,130,$73.00,2,142.14
2026-06-26,hp-f01 | Prospecting LAL,10113,123,$79.39,9,730.67
2026-06-27,hp-f01 | Prospecting LAL,12289,140,$81.02,4,358.07
2026-06-28,hp-f01 | Prospecting LAL,14090,168,$118.82,4,332.20
2026-06-29,hp-f01 | Prospecting LAL,11809,107,$59.09,2,198.58
2026-06-30,hp-f01 | Prospecting LAL,12692,139,$91.85,1,76.53
2026-04-01,HP-F02 | Retargeting - Cart,2965,69,$33.55,3,285.83
2026-04-02,HP-F02 | Retargeting - Cart,2973,70,$32.37,2,157.53
2026-04-03,HP-F02 | Retargeting - Cart,3386,76,$38.01,7,622.15
2026-04-04,HP-F02 | Retargeting - Cart,2989,69,$30.41,4,396.31
2026-04-05,HP-F02 | Retargeting - Cart,3801,98,$47.76,5,426.51
2026-04-06,HP-F02 | Retargeting - Cart,3243,79,$32.67,4,314.67
2026-04-07,HP-F02 | Retargeting - Cart,2705,58,$26.10,1,94.90
2026-04-08,HP-F02 | Retargeting - Cart,3075,71,$32.00,2,182.85
2026-04-09,HP-F02 | Retargeting - Cart,3326,76,$36.50,3,308.43
2026-04-10,HP-F02 | Retargeting - Cart,2959,81,$44.39,6,521.52
2026-04-11,HP-F02 | Retargeting - Cart,2964,74,$34.90,6,635.36
2026-04-12,HP-F02 | Retargeting - Cart,3022,66,$28.32,3,266.65
2026-04-13,HP-F02 | Retargeting - Cart,3234,88,$45.83,8,631.71
2026-04-14,HP-F02 | Retargeting - Cart,3381,94,$38.66,6,630.05
2026-04-15,HP-F02 | Retargeting - Cart,2983,72,$37.26,1,113.98
2026-04-16,HP-F02 | Retargeting - Cart,3122,69,$29.66,2,245.96
2026-04-17,HP-F02 | Retargeting - Cart,3126,63,$30.09,1,85.50
2026-04-18,HP-F02 | Retargeting - Cart,3063,72,$39.07,2,192.72
2026-04-19,HP-F02 | Retargeting - Cart,3227,72,$29.86,1,88.03
2026-04-20,HP-F02 | Retargeting - Cart,3496,98,$43.42,6,578.87
2026-04-21,HP-F02 | Retargeting - Cart,2629,73,$33.10,7,618.83
2026-04-22,HP-F02 | Retargeting - Cart,3061,84,$42.24,9,906.33
2026-04-23,HP-F02 | Retargeting - Cart,2679,76,$34.96,0,0.00
2026-04-24,HP-F02 | Retargeting - Cart,3257,75,$31.59,1,111.23
2026-04-25,HP-F02 | Retargeting - Cart,3330,72,$36.45,3,311.27
2026-04-26,HP-F02 | Retargeting - Cart,3548,84,$42.82,3,349.14
2026-04-27,HP-F02 | Retargeting - Cart,3041,80,$35.70,2,186.83
2026-04-28,HP-F02 | Retargeting - Cart,3494,91,$48.06,5,452.10
2026-04-29,HP-F02 | Retargeting - Cart,2998,78,$31.85,5,426.72
2026-04-30,HP-F02 | Retargeting - Cart,2743,70,$33.08,2,205.71
2026-05-01,HP-F02 | Retargeting - Cart,3202,78,$35.56,7,747.08
2026-05-02,HP-F02 | Retargeting - Cart,3368,80,$41.89,4,430.91
2026-05-03,HP-F02 | Retargeting - Cart,3875,108,$47.68,3,306.99
2026-05-04,HP-F02 | Retargeting - Cart,3009,73,$38.28,9,953.75
2026-05-05,HP-F02 | Retargeting - Cart,2800,72,$37.51,3,263.90
2026-05-06,HP-F02 | Retargeting - Cart,2793,74,$30.68,5,416.21
2026-05-07,HP-F02 | Retargeting - Cart,2619,63,$33.52,3,314.79
2026-05-08,HP-F02 | Retargeting - Cart,3401,83,$41.72,10,865.97
2026-05-09,HP-F02 | Retargeting - Cart,3348,80,$42.01,5,539.12
2026-05-10,HP-F02 | Retargeting - Cart,3560,87,$43.58,5,444.87
2026-05-11,HP-F02 | Retargeting - Cart,3013,69,$31.80,4,499.56
2026-05-12,HP-F02 | Retargeting - Cart,2810,73,$31.39,4,411.19
2026-05-13,HP-F02 | Retargeting - Cart,3497,92,$43.35,8,658.80
2026-05-14,HP-F02 | Retargeting - Cart,3043,77,$41.05,1,100.19
2026-05-15,HP-F02 | Retargeting - Cart,3489,82,$34.55,3,260.37
2026-05-16,HP-F02 | Retargeting - Cart,3690,81,$33.61,1,99.94
2026-05-17,HP-F02 | Retargeting - Cart,3306,76,$38.33,4,346.03
2026-05-18,HP-F02 | Retargeting - Cart,3374,86,$46.65,4,382.97
2026-05-19,HP-F02 | Retargeting - Cart,3104,75,$40.78,4,365.50
2026-05-20,HP-F02 | Retargeting - Cart,3139,64,$33.04,3,368.44
2026-05-21,HP-F02 | Retargeting - Cart,2839,63,$29.83,5,493.25
2026-05-22,HP-F02 | Retargeting - Cart,3004,79,$38.99,4,400.08
2026-05-23,HP-F02 | Retargeting - Cart,3369,83,$42.98,6,655.99
2026-05-24,HP-F02 | Retargeting - Cart,3836,97,$41.18,3,236.32
2026-05-25,HP-F02 | Retargeting - Cart,3450,69,$29.20,5,474.45
2026-05-26,HP-F02 | Retargeting - Cart,3163,81,$41.75,1,118.78
2026-05-27,HP-F02 | Retargeting - Cart,2845,68,$33.46,7,846.21
2026-05-28,HP-F02 | Retargeting - Cart,3196,62,$27.27,3,238.83
2026-05-29,HP-F02 | Retargeting - Cart,3428,72,$29.56,5,629.40
2026-05-30,HP-F02 | Retargeting - Cart,3316,95,$44.96,4,481.63
2026-05-31,HP-F02 | Retargeting - Cart,3392,91,$39.24,6,557.48
2026-06-01,HP-F02 | Retargeting - Cart,3405,82,$40.65,6,461.79
2026-06-02,HP-F02 | Retargeting - Cart,3345,64,$31.82,2,184.26
2026-06-03,HP-F02 | Retargeting - Cart,3419,96,$42.67,5,598.38
2026-06-04,HP-F02 | Retargeting - Cart,2874,77,$33.60,5,577.69
2026-06-05,HP-F02 | Retargeting - Cart,2965,66,$30.18,6,686.17
2026-06-06,HP-F02 | Retargeting - Cart,2972,72,$30.42,4,366.20
2026-06-07,HP-F02 | Retargeting - Cart,3804,105,$57.47,7,801.24
2026-06-08,HP-F02 | Retargeting - Cart,2906,60,$32.63,5,452.11
2026-06-09,HP-F02 | Retargeting - Cart,2881,66,$34.46,3,361.19
2026-06-10,HP-F02 | Retargeting - Cart,2933,62,$31.73,2,205.22
2026-06-11,HP-F02 | Retargeting - Cart,3393,73,$37.64,7,545.61
2026-06-12,HP-F02 | Retargeting - Cart,2969,83,$40.13,8,902.39
2026-06-13,HP-F02 | Retargeting - Cart,3213,90,$40.23,6,484.98
2026-06-14,HP-F02 | Retargeting - Cart,3041,86,$37.99,1,125.27
2026-06-15,HP-F02 | Retargeting - Cart,3029,60,$28.12,3,331.24
2026-06-16,HP-F02 | Retargeting - Cart,3371,91,$39.36,4,397.29
2026-06-17,HP-F02 | Retargeting - Cart,2851,64,$29.51,8,920.54
2026-06-18,HP-F02 | Retargeting - Cart,2977,65,$29.33,3,375.33
2026-06-19,HP-F02 | Retargeting - Cart,3254,89,$40.54,3,362.55
2026-06-20,HP-F02 | Retargeting - Cart,3648,73,$36.18,1,83.85
2026-06-21,HP-F02 | Retargeting - Cart,3232,81,$40.02,4,465.24
2026-06-22,HP-F02 | Retargeting - Cart,3031,76,$41.80,4,420.95
2026-06-23,HP-F02 | Retargeting - Cart,2623,54,$24.21,3,329.68
2026-06-24,HP-F02 | Retargeting - Cart,3335,88,$38.33,4,502.58
2026-06-25,HP-F02 | Retargeting - Cart,3215,72,$36.18,5,560.57
2026-06-26,HP-F02 | Retargeting - Cart,3274,82,$35.85,1,91.27
2026-06-27,HP-F02 | Retargeting - Cart,3552,89,$37.71,10,911.82
2026-06-28,HP-F02 | Retargeting - Cart,2965,71,$38.94,2,163.75
2026-06-29,HP-F02 | Retargeting - Cart,2921,78,$41.81,3,245.20
2026-06-30,HP-F02 | Retargeting - Cart,3251,78,$40.90,7,618.94
2026-05-01,HP-F03 | Summer Lookbook,19756,157,$84.92,2,187.78
2026-05-02,HP-F03 | Summer Lookbook,23561,195,$109.74,0,0.00
2026-05-03,HP-F03 | Summer Lookbook,23873,140,$69.36,1,100.58
2026-05-04,HP-F03 | Summer Lookbook,18545,130,$78.40,1,72.97
2026-05-05,HP-F03 | Summer Lookbook,20497,122,$71.79,0,0.00
2026-05-06,HP-F03 | Summer Lookbook,18477,124,$61.58,0,0.00
2026-05-07,HP-F03 | Summer Lookbook,21908,163,$93.62,0,0.00
2026-05-08,HP-F03 | Summer Lookbook,18767,136,$73.42,1,90.01
2026-05-09,HP-F03 | Summer Lookbook,22628,188,$91.29,4,330.65
2026-05-10,HP-F03 | Summer Lookbook,19441,131,$68.70,1,75.96
2026-05-11,HP-F03 | Summer Lookbook,17064,101,$52.95,0,0.00
2026-05-12,HP-F03 | Summer Lookbook,16374,101,$51.03,0,0.00
2026-05-13,HP-F03 | Summer Lookbook,18346,120,$74.41,1,82.68
2026-05-14,HP-F03 | Summer Lookbook,19104,151,$89.32,0,0.00
2026-05-15,HP-F03 | Summer Lookbook,18289,152,$88.11,0,0.00
2026-05-16,HP-F03 | Summer Lookbook,20251,118,$61.59,1,83.25
2026-05-17,HP-F03 | Summer Lookbook,18787,124,$76.44,1,63.89
2026-05-18,HP-F03 | Summer Lookbook,16133,95,$55.67,1,81.07
2026-05-19,HP-F03 | Summer Lookbook,19168,116,$70.68,1,103.39
2026-05-20,HP-F03 | Summer Lookbook,20306,165,$97.54,0,0.00
2026-05-21,HP-F03 | Summer Lookbook,19457,121,$61.96,2,209.00
2026-05-22,HP-F03 | Summer Lookbook,17175,130,$66.58,1,99.53
2026-05-23,HP-F03 | Summer Lookbook,21388,148,$77.89,3,224.07
2026-05-24,HP-F03 | Summer Lookbook,20294,133,$71.79,0,0.00
2026-05-25,HP-F03 | Summer Lookbook,18310,137,$80.33,1,86.74
2026-05-26,HP-F03 | Summer Lookbook,17586,99,$59.62,1,80.33
2026-05-27,HP-F03 | Summer Lookbook,21418,146,$83.35,0,0.00
2026-05-28,HP-F03 | Summer Lookbook,19415,130,$74.27,1,86.21
2026-05-29,HP-F03 | Summer Lookbook,17056,97,$54.08,0,0.00
2026-05-30,HP-F03 | Summer Lookbook,20157,142,$78.36,0,0.00
2026-05-31,HP-F03 | Summer Lookbook,20517,166,$80.95,0,0.00
2026-06-01,HP-F03 | Summer Lookbook,17046,97,$58.69,0,0.00
2026-06-02,HP-F03 | Summer Lookbook,21269,174,$108.45,3,287.77
2026-06-03,HP-F03 | Summer Lookbook,18907,145,$89.68,1,101.59
2026-06-04,HP-F03 | Summer Lookbook,18285,109,$52.03,0,0.00
2026-06-05,HP-F03 | Summer Lookbook,18816,125,$65.34,0,0.00
2026-06-06,HP-F03 | Summer Lookbook,22695,154,$74.43,2,160.45
2026-06-07,HP-F03 | Summer Lookbook,22576,189,$96.56,1,77.25
2026-06-08,HP-F03 | Summer Lookbook,20129,124,$61.74,1,88.45
2026-06-09,HP-F03 | Summer Lookbook,18311,134,$81.03,2,202.90
2026-06-10,HP-F03 | Summer Lookbook,17641,146,$91.66,0,0.00
2026-06-11,HP-F03 | Summer Lookbook,17073,131,$74.50,0,0.00
2026-06-12,HP-F03 | Summer Lookbook,17750,121,$62.52,0,0.00
2026-06-13,HP-F03 | Summer Lookbook,21955,183,$107.34,2,147.80
2026-06-14,HP-F03 | Summer Lookbook,24256,137,$73.15,1,74.70
2026-06-15,HP-F03 | Summer Lookbook,16770,111,$67.88,0,0.00
2026-06-16,HP-F03 | Summer Lookbook,19099,132,$82.24,2,149.32
2026-06-17,HP-F03 | Summer Lookbook,17698,127,$77.67,0,0.00
2026-06-18,HP-F03 | Summer Lookbook,20330,162,$79.61,2,130.31
2026-06-19,HP-F03 | Summer Lookbook,21066,122,$68.48,1,90.61
2026-06-20,HP-F03 | Summer Lookbook,23234,163,$99.29,0,0.00
2026-06-21,HP-F03 | Summer Lookbook,18262,117,$65.39,0,0.00
2026-06-22,HP-F03 | Summer Lookbook,18314,133,$78.52,2,171.88
2026-06-23,HP-F03 | Summer Lookbook,17441,105,$62.40,0,0.00
2026-06-24,HP-F03 | Summer Lookbook,18027,114,$55.31,2,128.61
2026-06-25,HP-F03 | Summer Lookbook,16876,110,$62.78,0,0.00
2026-06-26,HP-F03 | Summer Lookbook,21475,123,$67.89,0,0.00
2026-06-27,HP-F03 | Summer Lookbook,22035,142,$88.72,1,86.05
2026-06-28,HP-F03 | Summer Lookbook,21543,122,$57.86,1,84.63
2026-06-29,HP-F03 | Summer Lookbook,20304,161,$92.28,1,100.50
2026-06-30,HP-F03 | Summer Lookbook,21588,136,$66.36,1,64.32
2026-04-01,HP-F04 | Brand Video,18962,91,$59.58,0,0.00
2026-04-02,HP-F04 | Brand Video,18905,87,$56.16,0,0.00
2026-04-03,HP-F04 | Brand Video,16494,61,$40.75,1,83.33
2026-04-04,HP-F04 | Brand Video,19029,71,$47.64,0,0.00
2026-04-05,HP-F04 | Brand Video,17056,77,$49.57,0,0.00
2026-04-06,HP-F04 | Brand Video,17206,75,$46.63,0,0.00
2026-04-07,HP-F04 | Brand Video,17535,57,$40.10,1,76.01
2026-04-08,HP-F04 | Brand Video,15459,52,$37.91,0,0.00
2026-04-09,HP-F04 | Brand Video,17576,60,$41.68,1,63.50
2026-04-10,HP-F04 | Brand Video,14107,47,$28.46,0,0.00
2026-04-11,HP-F04 | Brand Video,16112,66,$41.89,0,0.00
2026-04-12,HP-F04 | Brand Video,20798,78,$53.54,0,0.00
2026-04-13,HP-F04 | Brand Video,14631,68,$39.93,0,0.00
2026-04-14,HP-F04 | Brand Video,14676,56,$31.78,0,0.00
2026-04-15,HP-F04 | Brand Video,15894,55,$34.22,0,0.00
2026-04-16,HP-F04 | Brand Video,17528,75,$47.72,1,97.07
2026-04-17,HP-F04 | Brand Video,17069,55,$39.32,0,0.00
2026-04-18,HP-F04 | Brand Video,19553,86,$51.74,0,0.00
2026-04-19,HP-F04 | Brand Video,16211,69,$39.82,1,75.75
2026-04-20,HP-F04 | Brand Video,18787,85,$48.21,0,0.00
2026-04-21,HP-F04 | Brand Video,14395,61,$38.96,0,0.00
2026-04-22,HP-F04 | Brand Video,14284,67,$40.05,0,0.00
2026-04-23,HP-F04 | Brand Video,15176,71,$46.53,0,0.00
2026-04-24,HP-F04 | Brand Video,16265,64,$41.52,0,0.00
2026-04-25,HP-F04 | Brand Video,17325,62,$39.38,0,0.00
2026-04-26,HP-F04 | Brand Video,17343,66,$40.12,0,0.00
2026-04-27,HP-F04 | Brand Video,18592,62,$42.38,0,0.00
2026-04-28,HP-F04 | Brand Video,17074,61,$45.15,0,0.00
2026-04-29,HP-F04 | Brand Video,18697,86,$61.52,0,0.00
2026-04-30,HP-F04 | Brand Video,17321,60,$39.27,0,0.00
2026-05-01,HP-F04 | Brand Video,18018,69,$48.54,0,0.00
2026-05-02,HP-F04 | Brand Video,20656,84,$63.67,0,0.00
2026-05-03,HP-F04 | Brand Video,20942,95,$57.61,0,0.00
2026-05-04,HP-F04 | Brand Video,18054,75,$54.49,1,94.11
2026-05-05,HP-F04 | Brand Video,18662,67,$41.51,0,0.00
2026-05-06,HP-F04 | Brand Video,17507,72,$47.17,0,0.00
2026-05-07,HP-F04 | Brand Video,18208,70,$48.41,2,122.78
2026-05-08,HP-F04 | Brand Video,17363,65,$39.31,2,121.58
2026-05-09,HP-F04 | Brand Video,17712,60,$42.95,0,0.00
2026-05-10,HP-F04 | Brand Video,15690,74,$46.76,1,99.01
2026-05-11,HP-F04 | Brand Video,17725,79,$46.21,0,0.00
2026-05-12,HP-F04 | Brand Video,14777,48,$29.70,0,0.00
2026-05-13,HP-F04 | Brand Video,14196,61,$36.59,0,0.00
2026-05-14,HP-F04 | Brand Video,15600,71,$43.70,0,0.00
2026-05-15,HP-F04 | Brand Video,14384,63,$44.23,0,0.00
2026-05-16,HP-F04 | Brand Video,19442,82,$57.72,2,124.91
2026-05-17,HP-F04 | Brand Video,19430,74,$52.83,0,0.00
2026-05-18,HP-F04 | Brand Video,15981,66,$37.59,0,0.00
2026-05-19,HP-F04 | Brand Video,17585,66,$41.83,0,0.00
2026-05-20,HP-F04 | Brand Video,15542,61,$41.00,0,0.00
2026-05-21,HP-F04 | Brand Video,18063,77,$51.24,2,130.92
2026-05-22,HP-F04 | Brand Video,17910,78,$48.33,1,86.50
2026-05-23,HP-F04 | Brand Video,19718,92,$56.37,0,0.00
2026-05-24,HP-F04 | Brand Video,18151,67,$37.96,0,0.00
2026-05-25,HP-F04 | Brand Video,16225,53,$36.27,0,0.00
2026-05-26,HP-F04 | Brand Video,17578,68,$49.64,0,0.00
2026-05-27,HP-F04 | Brand Video,16517,69,$40.09,1,76.60
2026-05-28,HP-F04 | Brand Video,14929,69,$38.87,0,0.00
2026-05-29,HP-F04 | Brand Video,15124,61,$40.88,0,0.00
2026-05-30,HP-F04 | Brand Video,17081,76,$43.16,0,0.00
2026-05-31,HP-F04 | Brand Video,17779,77,$49.17,0,0.00
2026-06-01,HP-F04 | Brand Video,14423,48,$34.14,0,0.00
2026-06-02,HP-F04 | Brand Video,18863,90,$62.34,0,0.00
2026-06-03,HP-F04 | Brand Video,14350,50,$28.59,0,0.00
2026-06-04,HP-F04 | Brand Video,16927,63,$42.47,0,0.00
2026-06-05,HP-F04 | Brand Video,17481,73,$44.33,0,0.00
2026-06-06,HP-F04 | Brand Video,18900,78,$57.19,0,0.00
2026-06-07,HP-F04 | Brand Video,20248,81,$53.52,1,62.45
2026-06-08,HP-F04 | Brand Video,14588,58,$35.52,0,0.00
2026-06-09,HP-F04 | Brand Video,14994,65,$39.30,0,0.00
2026-06-10,HP-F04 | Brand Video,16828,64,$41.46,0,0.00
2026-06-11,HP-F04 | Brand Video,14603,62,$40.64,1,60.72
2026-06-12,HP-F04 | Brand Video,14697,68,$39.65,0,0.00
2026-06-13,HP-F04 | Brand Video,15893,52,$32.92,0,0.00
2026-06-14,HP-F04 | Brand Video,17608,63,$47.36,0,0.00
2026-06-15,HP-F04 | Brand Video,18465,81,$59.04,0,0.00
2026-06-16,HP-F04 | Brand Video,16674,65,$47.31,0,0.00
2026-06-17,HP-F04 | Brand Video,14535,53,$29.88,1,82.72
2026-06-18,HP-F04 | Brand Video,17685,72,$49.43,0,0.00
2026-06-19,HP-F04 | Brand Video,14585,47,$30.63,0,0.00
2026-06-20,HP-F04 | Brand Video,20000,90,$51.69,0,0.00
2026-06-21,HP-F04 | Brand Video,21239,89,$57.85,0,0.00
2026-06-22,HP-F04 | Brand Video,18549,84,$58.75,0,0.00
2026-06-23,HP-F04 | Brand Video,18009,60,$36.13,1,91.69
2026-06-24,HP-F04 | Brand Video,15471,51,$30.78,0,0.00
2026-06-25,HP-F04 | Brand Video,18805,80,$47.43,1,60.83
2026-06-26,HP-F04 | Brand Video,17660,81,$56.23,0,0.00
2026-06-27,HP-F04 | Brand Video,20673,81,$50.28,1,76.52
2026-06-28,HP-F04 | Brand Video,15819,68,$48.63,0,0.00
2026-06-29,HP-F04 | Brand Video,17853,64,$38.09,1,94.98
2026-06-30,HP-F04 | Brand Video,18803,81,$47.90,0,0.00
2026-05-20,HP-F05 | Influencer Test,6796,84,$54.04,0,0.00
2026-05-21,HP-F05 | Influencer Test,6899,99,$65.01,0,0.00
2026-05-22,HP-F05 | Influencer Test,5194,87,$59.57,1,79.32
2026-05-23,HP-F05 | Influencer Test,7282,90,$65.98,0,0.00
2026-05-24,HP-F05 | Influencer Test,6813,81,$57.08,0,0.00
2026-05-25,HP-F05 | Influencer Test,5745,95,$75.65,1,98.99
2026-05-26,HP-F05 | Influencer Test,7108,99,$75.22,2,204.48
2026-05-27,HP-F05 | Influencer Test,6293,93,$59.86,1,65.06
2026-05-28,HP-F05 | Influencer Test,6744,78,$59.85,0,0.00
2026-05-29,HP-F05 | Influencer Test,5653,72,$46.47,1,86.73
2026-05-30,HP-F05 | Influencer Test,6614,81,$57.36,1,104.87
2026-05-31,HP-F05 | Influencer Test,5638,94,$59.01,0,0.00
2026-06-01,HP-F05 | Influencer Test,5996,84,$52.89,4,333.99
2026-06-02,HP-F05 | Influencer Test,5912,75,$46.30,0,0.00
2026-06-03,HP-F05 | Influencer Test,5407,87,$56.10,0,0.00
2026-06-04,HP-F05 | Influencer Test,5738,77,$58.65,1,79.95
2026-06-05,HP-F05 | Influencer Test,5087,77,$60.44,2,214.01
2026-06-06,HP-F05 | Influencer Test,7398,108,$83.26,0,0.00
2026-06-07,HP-F05 | Influencer Test,7935,132,$102.45,1,67.84
2026-06-08,HP-F05 | Influencer Test,6277,76,$53.61,0,0.00
2026-06-09,HP-F05 | Influencer Test,5082,84,$59.55,1,103.23
2026-06-10,HP-F05 | Influencer Test,7104,103,$63.21,0,0.00
2026-06-11,HP-F05 | Influencer Test,7188,115,$84.43,0,0.00
2026-06-12,HP-F05 | Influencer Test,6970,83,$58.83,0,0.00
2026-06-13,HP-F05 | Influencer Test,6983,117,$92.98,4,333.33
2026-06-14,HP-F05 | Influencer Test,5840,66,$50.58,1,104.86
2026-06-15,HP-F05 | Influencer Test,6160,96,$59.06,1,98.26
2026-06-16,HP-F05 | Influencer Test,5041,67,$45.45,1,86.25
2026-06-17,HP-F05 | Influencer Test,6265,99,$79.55,0,0.00
2026-06-18,HP-F05 | Influencer Test,6301,102,$65.40,1,85.88
2026-06-19,HP-F05 | Influencer Test,6322,74,$49.79,1,93.14
2026-06-20,HP-F05 | Influencer Test,7850,128,$88.09,1,77.63
2026-06-21,HP-F05 | Influencer Test,7022,90,$71.72,1,68.42
2026-06-22,HP-F05 | Influencer Test,6504,99,$70.40,3,208.61
2026-06-23,HP-F05 | Influencer Test,6638,79,$54.91,1,97.19
2026-06-24,HP-F05 | Influencer Test,6825,109,$85.23,1,64.52
2026-06-25,HP-F05 | Influencer Test,5795,87,$70.19,1,77.45
2026-06-26,HP-F05 | Influencer Test,6651,96,$76.66,0,0.00
2026-06-27,HP-F05 | Influencer Test,7037,98,$68.55,1,80.10
2026-06-28,HP-F05 | Influencer Test,6257,89,$60.63,1,91.04
2026-06-29,HP-F05 | Influencer Test,6424,106,$72.38,3,237.23
2026-06-30,HP-F05 | Influencer Test,7128,97,$69.53,2,155.66
