RunID,RunDate,Route,Driver,Parcels,Delivered,Failed,OnTime,DistanceKm,FuelLitres
HC-20260701-R1,2026-07-01,HC-R1,Aisha Khan,153,148,5,140,83.9,10.3
HC-20260701-R2,2026-07-01,HC-R2,Ben Carter,181,174,7,160,114.4,15.0
HC-20260701-R3,2026-07-01,HC-R3,Chloe Wu,142,138,4,137,110.4,12.7
HC-20260701-R4,2026-07-01,HC-R4,Dev Patel,189,180,9,178,93.6,11.6
HC-20260701-R5,2026-07-01,HC-R5,Ella Novak,185,179,6,175,77.9,9.2
HC-20260701-R6,2026-07-01,HC-R6,Finn Walsh,163,156,7,152,92.1,11.2
HC-20260702-R1,2026-07-02,HC-R1,Aisha Khan,157,152,5,139,99.0,12.5
HC-20260702-R2,2026-07-02,HC-R2,Dev Patel,179,175,4,163,101.8,12.0
HC-20260702-R3,2026-07-02,HC-R3,Chloe Wu,155,153,2,143,74.5,8.9
HC-20260702-R4,2026-07-02,HC-R4,Dev Patel,149,142,7,136,112.5,13.5
HC-20260702-R5,2026-07-02,HC-R5,Dev Patel,189,175,14,161,92.7,11.5
HC-20260702-R6,2026-07-02,HC-R6,Finn Walsh,159,153,6,133,100.2,11.5
HC-20260703-R1,2026-07-03,HC-R1,Aisha Khan,159,151,8,147,98.5,11.6
HC-20260703-R2,2026-07-03,HC-R2,Ben Carter,142,135,7,130,111.2,13.1
HC-20260703-R3,2026-07-03,HC-R3,Chloe Wu,140,137,3,131,104.1,12.8
HC-20260703-R4,2026-07-03,HC-R4,Dev Patel,186,183,3,167,95.9,11.2
HC-20260703-R5,2026-07-03,HC-R5,Ella Novak,177,171,6,166,103.6,13.9
HC-20260703-R6,2026-07-03,HC-R6,Dev Patel,155,150,5,150,75.5,8.7
HC-20260704-R1,2026-07-04,HC-R1,Aisha Khan,132,130,2,120,63.3,8.2
HC-20260704-R2,2026-07-04,HC-R2,Aisha Khan,124,115,9,108,85.4,9.8
HC-20260704-R3,2026-07-04,HC-R3,Dev Patel,128,121,7,114,69.0,8.3
HC-20260704-R5,2026-07-04,HC-R5,Ella Novak,117,113,4,107,58.9,7.3
HC-20260704-R6,2026-07-04,HC-R6,Gus Moreno,104,96,8,91,73.0,8.4
HC-20260706-R1,2026-07-06,HC-R1,Aisha Khan,166,158,8,152,87.6,11.5
HC-20260706-R2,2026-07-06,HC-R2,Ben Carter,153,148,5,132,112.7,15.0
HC-20260706-R3,2026-07-06,HC-R3,Chloe Wu,179,175,4,162,98.8,13.0
HC-20260706-R4,2026-07-06,HC-R4,Dev Patel,142,136,6,125,108.3,14.1
HC-20260706-R5,2026-07-06,HC-R5,Ella Novak,184,178,6,152,83.4,9.5
HC-20260706-R6,2026-07-06,HC-R6,Chloe Wu,150,140,10,131,98.3,12.7
HC-20260707-R1,2026-07-07,HC-R1,Aisha Khan,152,148,4,142,112.6,13.6
HC-20260707-R2,2026-07-07,HC-R2,Ben Carter,187,182,5,166,103.1,13.6
HC-20260707-R3,2026-07-07,HC-R3,Ben Carter,150,142,8,141,112.9,14.2
HC-20260707-R4,2026-07-07,HC-R4,Dev Patel,183,180,3,171,70.7,8.8
HC-20260707-R5,2026-07-07,HC-R5,Ella Novak,154,149,5,135,108.9,13.9
HC-20260707-R6,2026-07-07,HC-R6,Finn Walsh,147,145,2,142,100.0,12.9
HC-20260708-R1,2026-07-08,HC-R1,Aisha Khan,156,151,5,135,94.3,12.0
HC-20260708-R2,2026-07-08,HC-R2,Ben Carter,160,158,2,156,103.5,12.4
HC-20260708-R3,2026-07-08,HC-R3,Chloe Wu,161,158,3,152,109.8,13.5
HC-20260708-R4,2026-07-08,HC-R4,Finn Walsh,159,152,7,144,106.2,12.7
HC-20260708-R5,2026-07-08,HC-R5,Ella Novak,180,171,9,149,85.2,11.0
HC-20260708-R6,2026-07-08,HC-R6,Finn Walsh,169,160,9,150,75.5,8.8
HC-20260709-R1,2026-07-09,HC-R1,Aisha Khan,172,168,4,155,86.5,10.8
HC-20260709-R2,2026-07-09,HC-R2,Chloe Wu,160,150,10,145,96.3,11.6
HC-20260709-R3,2026-07-09,HC-R3,Chloe Wu,148,144,4,133,97.6,12.2
HC-20260709-R4,2026-07-09,HC-R4,Dev Patel,163,157,6,150,103.2,12.2
HC-20260709-R5,2026-07-09,HC-R5,Ella Novak,168,160,8,149,76.7,9.9
HC-20260709-R6,2026-07-09,HC-R6,Finn Walsh,141,134,7,121,72.8,8.7
HC-20260710-R1,2026-07-10,HC-R1,Aisha Khan,153,147,6,141,101.1,13.0
HC-20260710-R2,2026-07-10,HC-R2,Ben Carter,184,181,3,177,97.9,11.9
HC-20260710-R3,2026-07-10,HC-R3,Chloe Wu,189,185,4,183,82.8,10.6
HC-20260710-R4,2026-07-10,HC-R4,Dev Patel,160,154,6,153,71.9,9.4
HC-20260710-R5,2026-07-10,HC-R5,Ella Novak,181,174,7,159,73.1,9.1
HC-20260710-R6,2026-07-10,HC-R6,Finn Walsh,145,140,5,136,72.2,9.0
HC-20260711-R1,2026-07-11,HC-R1,Aisha Khan,128,126,2,122,81.1,10.8
HC-20260711-R2,2026-07-11,HC-R2,Gus Moreno,122,114,8,106,76.8,9.4
HC-20260711-R3,2026-07-11,HC-R3,Dev Patel,104,97,7,92,80.6,10.7
HC-20260711-R4,2026-07-11,HC-R4,Ella Novak,113,105,8,93,69.4,8.0
HC-20260711-R5,2026-07-11,HC-R5,Ella Novak,117,115,2,108,63.2,8.5
HC-20260711-R6,2026-07-11,HC-R6,Finn Walsh,130,124,6,116,86.9,11.2
HC-20260713-R1,2026-07-13,HC-R1,Aisha Khan,172,167,5,157,77.5,10.0
HC-20260713-R2,2026-07-13,HC-R2,Ben Carter,163,158,5,154,72.6,8.7
HC-20260713-R3,2026-07-13,HC-R3,Chloe Wu,173,168,5,148,80.0,9.8
HC-20260713-R4,2026-07-13,HC-R4,Dev Patel,167,162,5,148,78.3,10.4
HC-20260713-R5,2026-07-13,HC-R5,Ella Novak,142,137,5,120,103.5,12.2
HC-20260713-R6,2026-07-13,HC-R6,Finn Walsh,184,177,7,169,96.7,11.7
HC-20260714-R1,2026-07-14,HC-R1,Aisha Khan,166,159,7,145,92.3,12.2
HC-20260714-R2,2026-07-14,HC-R2,Dev Patel,150,146,4,145,104.2,13.5
HC-20260714-R3,2026-07-14,HC-R3,Ella Novak,147,143,4,130,81.5,10.6
HC-20260714-R4,2026-07-14,HC-R4,Dev Patel,152,146,6,141,98.9,12.5
HC-20260714-R5,2026-07-14,HC-R5,Ella Novak,158,152,6,137,105.1,12.6
HC-20260714-R6,2026-07-14,HC-R6,Dev Patel,168,159,9,151,91.6,10.6
HC-20260715-R1,2026-07-15,HC-R1,Aisha Khan,183,176,7,172,106.2,12.3
HC-20260715-R2,2026-07-15,HC-R2,Ben Carter,180,176,4,166,108.5,13.7
HC-20260715-R3,2026-07-15,HC-R3,Chloe Wu,187,181,6,175,84.6,10.7
HC-20260715-R4,2026-07-15,HC-R4,Dev Patel,169,165,4,147,101.3,13.2
HC-20260715-R5,2026-07-15,HC-R5,Ella Novak,168,159,9,159,101.9,13.6
HC-20260715-R6,2026-07-15,HC-R6,Finn Walsh,156,152,4,141,107.1,13.9
HC-20260716-R1,2026-07-16,HC-R1,Aisha Khan,182,173,9,152,99.9,12.3
HC-20260716-R2,2026-07-16,HC-R2,Ben Carter,171,168,3,159,104.5,13.2
HC-20260716-R3,2026-07-16,HC-R3,Chloe Wu,183,180,3,175,89.7,10.6
HC-20260716-R4,2026-07-16,HC-R4,Dev Patel,166,160,6,154,106.1,13.1
HC-20260716-R5,2026-07-16,HC-R5,Ella Novak,178,175,3,164,99.0,11.8
HC-20260716-R6,2026-07-16,HC-R6,Finn Walsh,171,163,8,157,87.7,11.7
HC-20260717-R1,2026-07-17,HC-R1,Aisha Khan,164,156,8,142,85.5,10.5
HC-20260717-R2,2026-07-17,HC-R2,Ben Carter,148,141,7,133,84.7,9.9
HC-20260717-R3,2026-07-17,HC-R3,Chloe Wu,171,165,6,148,93.8,11.0
HC-20260717-R4,2026-07-17,HC-R4,Dev Patel,166,159,7,148,73.3,9.0
HC-20260717-R5,2026-07-17,HC-R5,Chloe Wu,155,149,6,140,111.6,13.4
HC-20260717-R6,2026-07-17,HC-R6,Finn Walsh,153,147,6,138,113.8,13.4
HC-20260718-R1,2026-07-18,HC-R1,Aisha Khan,127,120,7,111,63.7,7.8
HC-20260718-R2,2026-07-18,HC-R2,Ben Carter,115,110,5,110,83.3,9.6
HC-20260718-R3,2026-07-18,HC-R3,Chloe Wu,126,123,3,117,65.9,8.3
HC-20260718-R4,2026-07-18,HC-R4,Dev Patel,110,104,6,95,62.9,7.7
HC-20260718-R5,2026-07-18,HC-R5,Ella Novak,99,95,4,91,75.0,9.3
HC-20260718-R6,2026-07-18,HC-R6,Finn Walsh,122,120,2,111,75.9,10.0
HC-20260720-R1,2026-07-20,HC-R1,Chloe Wu,149,143,6,139,72.7,8.6
HC-20260720-R2,2026-07-20,HC-R2,Ben Carter,184,180,4,180,81.5,10.0
HC-20260720-R3,2026-07-20,HC-R3,Chloe Wu,160,153,7,149,99.0,11.8
HC-20260720-R4,2026-07-20,HC-R4,Dev Patel,181,174,7,165,84.5,11.0
HC-20260720-R5,2026-07-20,HC-R5,Ella Novak,181,172,9,167,97.8,12.6
HC-20260720-R6,2026-07-20,HC-R6,Finn Walsh,190,181,9,168,82.8,11.0
HC-20260721-R1,2026-07-21,HC-R1,Aisha Khan,161,158,3,143,100.0,11.7
HC-20260721-R2,2026-07-21,HC-R2,Ben Carter,160,153,7,153,75.0,9.5
HC-20260721-R3,2026-07-21,HC-R3,Chloe Wu,156,153,3,142,90.7,10.4
HC-20260721-R4,2026-07-21,HC-R4,Dev Patel,176,167,9,155,105.6,12.1
HC-20260721-R5,2026-07-21,HC-R5,Ella Novak,151,148,3,139,85.6,11.3
HC-20260721-R6,2026-07-21,HC-R6,Finn Walsh,148,143,5,131,104.1,12.4
HC-20260722-R1,2026-07-22,HC-R1,Aisha Khan,157,154,3,145,84.5,9.7
HC-20260722-R2,2026-07-22,HC-R2,Ben Carter,150,143,7,139,70.7,8.1
HC-20260722-R3,2026-07-22,HC-R3,Ben Carter,140,137,3,132,76.1,9.6
HC-20260722-R4,2026-07-22,HC-R4,Dev Patel,161,153,8,149,70.1,9.3
HC-20260722-R5,2026-07-22,HC-R5,Finn Walsh,149,138,11,127,89.2,10.5
HC-20260722-R6,2026-07-22,HC-R6,Finn Walsh,175,169,6,155,71.3,9.0
HC-20260723-R1,2026-07-23,HC-R1,Aisha Khan,151,145,6,145,79.6,9.7
HC-20260723-R2,2026-07-23,HC-R2,Ben Carter,165,160,5,148,91.5,10.7
HC-20260723-R3,2026-07-23,HC-R3,Chloe Wu,156,149,7,143,107.2,14.3
HC-20260723-R4,2026-07-23,HC-R4,Dev Patel,163,158,5,148,84.9,10.5
HC-20260723-R5,2026-07-23,HC-R5,Ella Novak,150,143,7,140,90.3,10.4
HC-20260723-R6,2026-07-23,HC-R6,Finn Walsh,147,145,2,134,89.5,11.3
HC-20260724-R1,2026-07-24,HC-R1,Aisha Khan,188,184,4,172,100.3,13.3
HC-20260724-R2,2026-07-24,HC-R2,Ben Carter,173,169,4,152,93.3,11.0
HC-20260724-R3,2026-07-24,HC-R3,Chloe Wu,181,176,5,160,111.6,13.4
HC-20260724-R4,2026-07-24,HC-R4,Dev Patel,148,145,3,142,91.6,10.8
HC-20260724-R5,2026-07-24,HC-R5,Ella Novak,154,147,7,142,90.8,11.7
HC-20260724-R6,2026-07-24,HC-R6,Chloe Wu,185,179,6,175,100.5,11.5
HC-20260725-R1,2026-07-25,HC-R1,Aisha Khan,121,115,6,109,57.5,7.4
HC-20260725-R2,2026-07-25,HC-R2,Ben Carter,121,115,6,114,68.1,9.0
HC-20260725-R3,2026-07-25,HC-R3,Chloe Wu,130,125,5,117,77.0,9.8
HC-20260725-R4,2026-07-25,HC-R4,Finn Walsh,130,121,9,116,90.7,10.9
HC-20260725-R5,2026-07-25,HC-R5,Ella Novak,115,110,5,109,69.7,8.3
HC-20260725-R6,2026-07-25,HC-R6,Finn Walsh,102,99,3,95,80.6,10.3
HC-20260727-R1,2026-07-27,HC-R1,Aisha Khan,179,175,4,159,95.9,11.7
HC-20260727-R2,2026-07-27,HC-R2,Ben Carter,182,177,5,176,79.8,9.3
HC-20260727-R3,2026-07-27,HC-R3,Chloe Wu,154,147,7,141,79.4,10.1
HC-20260727-R4,2026-07-27,HC-R4,Dev Patel,174,167,7,162,73.9,8.6
HC-20260727-R5,2026-07-27,HC-R5,Ella Novak,161,154,7,149,109.7,12.7
HC-20260727-R6,2026-07-27,HC-R6,Finn Walsh,167,158,9,145,86.5,11.6
HC-20260728-R1,2026-07-28,HC-R1,Aisha Khan,157,152,5,143,70.0,9.1
HC-20260728-R2,2026-07-28,HC-R2,Ben Carter,179,171,8,171,90.3,11.0
HC-20260728-R3,2026-07-28,HC-R3,Chloe Wu,180,176,4,164,92.8,11.0
HC-20260728-R4,2026-07-28,HC-R4,Dev Patel,155,148,7,145,112.9,13.3
HC-20260728-R5,2026-07-28,HC-R5,Ella Novak,186,178,8,172,86.9,10.8
HC-20260728-R6,2026-07-28,HC-R6,Finn Walsh,141,139,2,131,108.8,13.5
HC-20260729-R1,2026-07-29,HC-R1,Aisha Khan,181,174,7,164,92.6,11.5
HC-20260729-R2,2026-07-29,HC-R2,Ben Carter,170,165,5,158,73.4,8.6
HC-20260729-R3,2026-07-29,HC-R3,Chloe Wu,171,166,5,142,75.1,9.4
HC-20260729-R4,2026-07-29,HC-R4,Dev Patel,148,140,8,135,96.3,12.3
HC-20260729-R5,2026-07-29,HC-R5,Ella Novak,150,147,3,134,109.2,13.4
HC-20260729-R6,2026-07-29,HC-R6,Finn Walsh,190,183,7,171,99.7,12.3
HC-20260730-R1,2026-07-30,HC-R1,Aisha Khan,142,138,4,128,112.4,14.5
HC-20260730-R2,2026-07-30,HC-R2,Aisha Khan,189,184,5,176,97.4,13.0
HC-20260730-R3,2026-07-30,HC-R3,Ella Novak,154,148,6,146,102.4,13.0
HC-20260730-R4,2026-07-30,HC-R4,Dev Patel,174,170,4,160,72.9,9.6
HC-20260730-R5,2026-07-30,HC-R5,Ella Novak,163,158,5,152,105.1,12.3
HC-20260730-R6,2026-07-30,HC-R6,Finn Walsh,182,174,8,163,75.2,8.8
HC-20260731-R1,2026-07-31,HC-R1,Aisha Khan,179,170,9,143,84.6,10.5
HC-20260731-R2,2026-07-31,HC-R2,Ben Carter,181,172,9,161,96.9,11.4
HC-20260731-R3,2026-07-31,HC-R3,Chloe Wu,170,166,4,166,72.2,8.6
HC-20260731-R4,2026-07-31,HC-R4,Dev Patel,185,182,3,166,99.2,12.4
HC-20260731-R5,2026-07-31,HC-R5,Chloe Wu,148,140,8,131,81.9,9.7
HC-20260731-R6,2026-07-31,HC-R6,Finn Walsh,142,139,3,130,80.5,9.4
HC-20260801-R1,2026-08-01,HC-R1,Aisha Khan,118,116,2,107,72.4,9.3
HC-20260801-R2,2026-08-01,HC-R2,Ben Carter,107,105,2,96,59.1,7.8
HC-20260801-R3,2026-08-01,HC-R3,Chloe Wu,98,93,5,93,77.9,9.0
HC-20260801-R4,2026-08-01,HC-R4,Dev Patel,104,102,2,98,69.2,9.0
HC-20260801-R5,2026-08-01,HC-R5,Ella Novak,107,103,4,99,67.9,8.7
HC-20260803-R1,2026-08-03,HC-R1,Aisha Khan,170,162,8,147,82.4,9.9
HC-20260803-R2,2026-08-03,HC-R2,Ben Carter,146,138,8,131,87.8,11.5
HC-20260803-R3,2026-08-03,HC-R3,Chloe Wu,182,177,5,173,109.4,14.2
HC-20260803-R4,2026-08-03,HC-R4,Dev Patel,177,173,4,165,99.7,12.3
HC-20260803-R5,2026-08-03,HC-R5,Ella Novak,177,168,9,165,79.3,10.6
HC-20260803-R6,2026-08-03,HC-R6,Finn Walsh,142,139,3,138,80.1,9.2
HC-20260804-R1,2026-08-04,HC-R1,Chloe Wu,163,154,9,143,83.9,10.9
HC-20260804-R2,2026-08-04,HC-R2,Ben Carter,176,167,9,161,78.7,10.2
HC-20260804-R3,2026-08-04,HC-R3,Chloe Wu,141,135,6,124,78.6,9.0
HC-20260804-R4,2026-08-04,HC-R4,Aisha Khan,147,142,5,127,94.0,11.0
HC-20260804-R5,2026-08-04,HC-R5,Ella Novak,182,173,9,154,100.9,12.1
HC-20260804-R6,2026-08-04,HC-R6,Finn Walsh,175,167,8,159,77.5,10.3
HC-20260805-R1,2026-08-05,HC-R1,Aisha Khan,181,175,6,165,86.6,10.3
HC-20260805-R2,2026-08-05,HC-R2,Finn Walsh,142,136,6,125,78.2,9.5
HC-20260805-R3,2026-08-05,HC-R3,Chloe Wu,181,177,4,173,75.6,9.9
HC-20260805-R4,2026-08-05,HC-R4,Dev Patel,190,182,8,177,80.4,9.7
HC-20260805-R5,2026-08-05,HC-R5,Aisha Khan,152,145,7,130,81.7,10.9
HC-20260805-R6,2026-08-05,HC-R6,Finn Walsh,179,176,3,176,75.5,10.1
HC-20260806-R1,2026-08-06,HC-R1,Aisha Khan,147,144,3,131,95.1,12.4
HC-20260806-R2,2026-08-06,HC-R2,Finn Walsh,148,142,6,132,107.1,13.5
HC-20260806-R3,2026-08-06,HC-R3,Chloe Wu,173,169,4,156,73.6,9.1
HC-20260806-R4,2026-08-06,HC-R4,Chloe Wu,146,140,6,134,106.4,13.9
HC-20260806-R5,2026-08-06,HC-R5,Aisha Khan,180,175,5,159,103.9,13.3
HC-20260806-R6,2026-08-06,HC-R6,Finn Walsh,161,157,4,157,108.6,14.5
HC-20260807-R1,2026-08-07,HC-R1,Ben Carter,182,173,9,167,75.6,9.7
HC-20260807-R2,2026-08-07,HC-R2,Ben Carter,190,186,4,178,80.2,9.6
HC-20260807-R3,2026-08-07,HC-R3,Chloe Wu,185,177,8,170,74.3,9.2
HC-20260807-R4,2026-08-07,HC-R4,Dev Patel,159,156,3,148,105.0,13.2
HC-20260807-R5,2026-08-07,HC-R5,Ella Novak,176,170,6,156,110.4,13.8
HC-20260807-R6,2026-08-07,HC-R6,Finn Walsh,163,160,3,150,109.4,13.5
HC-20260808-R1,2026-08-08,HC-R1,Aisha Khan,122,116,6,110,71.3,9.2
HC-20260808-R2,2026-08-08,HC-R2,Ben Carter,115,111,4,105,59.0,7.4
HC-20260808-R3,2026-08-08,HC-R3,Chloe Wu,99,97,2,95,84.8,10.3
HC-20260808-R4,2026-08-08,HC-R4,Dev Patel,129,123,6,122,57.2,7.1
HC-20260808-R5,2026-08-08,HC-R5,Ben Carter,107,100,7,98,66.3,7.9
HC-20260808-R6,2026-08-08,HC-R6,Finn Walsh,116,114,2,114,88.5,10.5
HC-20260810-R1,2026-08-10,HC-R1,Aisha Khan,175,169,6,165,109.4,12.7
HC-20260810-R2,2026-08-10,HC-R2,Ben Carter,159,151,8,141,96.5,12.6
HC-20260810-R3,2026-08-10,HC-R3,Chloe Wu,164,157,7,153,104.6,13.6
HC-20260810-R4,2026-08-10,HC-R4,Dev Patel,152,150,2,145,113.4,13.3
HC-20260810-R5,2026-08-10,HC-R5,Ella Novak,179,170,9,154,75.3,9.7
HC-20260810-R6,2026-08-10,HC-R6,Finn Walsh,169,163,6,149,103.7,12.7
HC-20260811-R1,2026-08-11,HC-R1,Chloe Wu,140,130,10,122,81.2,10.6
HC-20260811-R2,2026-08-11,HC-R2,Ben Carter,153,148,5,139,97.7,12.4
HC-20260811-R3,2026-08-11,HC-R3,Chloe Wu,187,180,7,173,108.0,12.4
HC-20260811-R5,2026-08-11,HC-R5,Ella Novak,160,157,3,143,76.1,9.0
HC-20260811-R6,2026-08-11,HC-R6,Finn Walsh,176,171,5,171,109.6,13.3
HC-20260812-R1,2026-08-12,HC-R1,Aisha Khan,188,185,3,169,79.6,9.2
HC-20260812-R2,2026-08-12,HC-R2,Ben Carter,142,137,5,134,72.3,9.0
HC-20260812-R3,2026-08-12,HC-R3,Chloe Wu,160,151,9,139,80.6,9.5
HC-20260812-R4,2026-08-12,HC-R4,Dev Patel,181,174,7,167,89.4,11.3
HC-20260812-R5,2026-08-12,HC-R5,Ella Novak,162,159,3,151,91.4,11.5
HC-20260812-R6,2026-08-12,HC-R6,Finn Walsh,190,186,4,179,91.0,10.6
HC-20260813-R1,2026-08-13,HC-R1,Aisha Khan,179,171,8,167,112.5,13.0
HC-20260813-R2,2026-08-13,HC-R2,Ben Carter,141,138,3,137,77.7,9.3
HC-20260813-R3,2026-08-13,HC-R3,Finn Walsh,145,141,4,132,84.8,9.8
HC-20260813-R4,2026-08-13,HC-R4,Gus Moreno,151,144,7,134,112.2,13.8
HC-20260813-R5,2026-08-13,HC-R5,Ella Novak,152,145,7,126,80.5,9.9
HC-20260813-R6,2026-08-13,HC-R6,Finn Walsh,150,144,6,127,102.1,11.8
HC-20260814-R1,2026-08-14,HC-R1,Aisha Khan,152,148,4,147,76.0,10.1
HC-20260814-R2,2026-08-14,HC-R2,Ben Carter,179,176,3,176,97.1,12.1
HC-20260814-R3,2026-08-14,HC-R3,Chloe Wu,142,136,6,128,76.8,10.0
HC-20260814-R4,2026-08-14,HC-R4,Dev Patel,186,177,9,165,109.4,13.0
HC-20260814-R5,2026-08-14,HC-R5,Finn Walsh,141,134,7,122,86.7,10.1
HC-20260814-R6,2026-08-14,HC-R6,Finn Walsh,180,177,3,167,104.1,12.0
HC-20260815-R1,2026-08-15,HC-R1,Aisha Khan,120,117,3,106,62.8,7.7
HC-20260815-R2,2026-08-15,HC-R2,Finn Walsh,111,102,9,95,85.7,10.5
HC-20260815-R3,2026-08-15,HC-R3,Chloe Wu,109,104,5,101,57.7,6.8
HC-20260815-R4,2026-08-15,HC-R4,Dev Patel,114,109,5,108,74.9,8.7
HC-20260815-R5,2026-08-15,HC-R5,Ella Novak,125,121,4,114,91.4,12.2
HC-20260815-R6,2026-08-15,HC-R6,Finn Walsh,107,105,2,103,84.5,10.3
HC-20260817-R1,2026-08-17,HC-R1,Aisha Khan,141,137,4,130,104.9,12.2
HC-20260817-R2,2026-08-17,HC-R2,Ben Carter,188,180,8,167,102.0,12.7
HC-20260817-R3,2026-08-17,HC-R3,Chloe Wu,140,133,7,125,88.1,10.1
HC-20260817-R4,2026-08-17,HC-R4,Dev Patel,167,159,8,152,70.5,9.3
HC-20260817-R5,2026-08-17,HC-R5,Ella Novak,168,164,4,155,100.2,12.9
HC-20260817-R6,2026-08-17,HC-R6,Finn Walsh,141,136,5,127,70.0,8.3
HC-20260818-R1,2026-08-18,HC-R1,Aisha Khan,174,169,5,159,94.7,12.3
HC-20260818-R2,2026-08-18,HC-R2,Ben Carter,161,158,3,150,72.6,8.9
HC-20260818-R3,2026-08-18,HC-R3,Chloe Wu,179,176,3,163,109.5,12.8
HC-20260818-R4,2026-08-18,HC-R4,Dev Patel,141,134,7,129,77.4,9.7
HC-20260818-R5,2026-08-18,HC-R5,Dev Patel,185,177,8,156,77.3,9.8
HC-20260818-R6,2026-08-18,HC-R6,Finn Walsh,147,143,4,132,91.1,11.5
HC-20260819-R1,2026-08-19,HC-R1,Aisha Khan,171,162,9,149,114.7,13.8
HC-20260819-R2,2026-08-19,HC-R2,Ben Carter,165,161,4,152,108.4,14.0
HC-20260819-R3,2026-08-19,HC-R3,Chloe Wu,147,144,3,140,94.8,11.1
HC-20260819-R4,2026-08-19,HC-R4,Dev Patel,154,150,4,145,73.1,9.5
HC-20260819-R5,2026-08-19,HC-R5,Ella Novak,144,140,4,127,110.9,14.0
HC-20260819-R6,2026-08-19,HC-R6,Finn Walsh,176,171,5,164,114.3,15.3
HC-20260820-R1,2026-08-20,HC-R1,Dev Patel,149,143,6,129,90.7,11.6
HC-20260820-R2,2026-08-20,HC-R2,Ben Carter,143,137,6,130,83.3,10.0
HC-20260820-R3,2026-08-20,HC-R3,Chloe Wu,185,176,9,176,73.8,8.6
HC-20260820-R4,2026-08-20,HC-R4,Dev Patel,168,160,8,160,96.0,12.7
HC-20260820-R5,2026-08-20,HC-R5,Ella Novak,149,143,6,134,88.7,10.6
HC-20260820-R6,2026-08-20,HC-R6,Finn Walsh,177,172,5,159,108.8,13.1
HC-20260821-R1,2026-08-21,HC-R1,Aisha Khan,171,166,5,159,104.0,13.7
HC-20260821-R2,2026-08-21,HC-R2,Ben Carter,155,148,7,141,78.1,9.3
HC-20260821-R3,2026-08-21,HC-R3,Chloe Wu,145,137,8,125,75.4,9.0
HC-20260821-R4,2026-08-21,HC-R4,Dev Patel,170,167,3,156,83.9,10.9
HC-20260821-R5,2026-08-21,HC-R5,Ella Novak,148,144,4,138,105.0,13.9
HC-20260821-R6,2026-08-21,HC-R6,Gus Moreno,181,169,12,161,92.9,11.8
HC-20260822-R1,2026-08-22,HC-R1,Aisha Khan,129,127,2,114,67.9,8.4
HC-20260822-R2,2026-08-22,HC-R2,Dev Patel,110,103,7,96,73.7,8.6
HC-20260822-R3,2026-08-22,HC-R3,Ella Novak,107,100,7,95,57.9,7.6
HC-20260822-R4,2026-08-22,HC-R4,Dev Patel,115,110,5,104,88.0,11.1
HC-20260822-R5,2026-08-22,HC-R5,Ella Novak,126,120,6,115,59.0,7.9
HC-20260822-R6,2026-08-22,HC-R6,Finn Walsh,114,110,4,107,60.1,7.0
HC-20260824-R1,2026-08-24,HC-R1,Aisha Khan,173,165,8,165,89.8,10.4
HC-20260824-R2,2026-08-24,HC-R2,Ben Carter,162,158,4,154,73.3,8.8
HC-20260824-R3,2026-08-24,HC-R3,Chloe Wu,171,162,9,149,91.0,11.0
HC-20260824-R4,2026-08-24,HC-R4,Dev Patel,181,178,3,174,90.1,11.2
HC-20260824-R5,2026-08-24,HC-R5,Ella Novak,187,182,5,174,92.2,12.0
HC-20260824-R6,2026-08-24,HC-R6,Finn Walsh,178,172,6,154,97.3,12.1
HC-20260825-R1,2026-08-25,HC-R1,Ben Carter,168,155,13,149,86.5,10.2
HC-20260825-R3,2026-08-25,HC-R3,Chloe Wu,146,139,7,130,110.5,13.6
HC-20260825-R4,2026-08-25,HC-R4,Dev Patel,165,158,7,146,113.2,13.9
HC-20260825-R5,2026-08-25,HC-R5,Ella Novak,169,164,5,155,73.8,9.7
HC-20260825-R6,2026-08-25,HC-R6,Finn Walsh,169,165,4,150,113.1,14.5
HC-20260826-R1,2026-08-26,HC-R1,Aisha Khan,180,176,4,169,90.1,10.9
HC-20260826-R2,2026-08-26,HC-R2,Ben Carter,154,151,3,135,99.1,12.5
HC-20260826-R3,2026-08-26,HC-R3,Chloe Wu,143,137,6,127,98.0,11.8
HC-20260826-R4,2026-08-26,HC-R4,Dev Patel,154,146,8,133,95.8,12.1
HC-20260826-R5,2026-08-26,HC-R5,Ella Novak,175,167,8,158,96.6,12.1
HC-20260826-R6,2026-08-26,HC-R6,Finn Walsh,183,179,4,159,92.7,12.0
HC-20260827-R1,2026-08-27,HC-R1,Aisha Khan,166,163,3,153,80.3,9.8
HC-20260827-R2,2026-08-27,HC-R2,Ben Carter,164,159,5,150,78.1,10.2
HC-20260827-R3,2026-08-27,HC-R3,Chloe Wu,178,174,4,169,76.7,10.0
HC-20260827-R4,2026-08-27,HC-R4,Dev Patel,164,158,6,154,78.9,9.1
HC-20260827-R5,2026-08-27,HC-R5,Ella Novak,140,133,7,127,84.4,10.0
HC-20260827-R6,2026-08-27,HC-R6,Ella Novak,161,157,4,155,85.9,9.9
HC-20260828-R1,2026-08-28,HC-R1,Aisha Khan,165,157,8,151,99.9,13.1
HC-20260828-R2,2026-08-28,HC-R2,Ben Carter,155,147,8,135,89.6,10.4
HC-20260828-R3,2026-08-28,HC-R3,Chloe Wu,180,177,3,154,111.6,13.8
HC-20260828-R4,2026-08-28,HC-R4,Dev Patel,161,156,5,150,100.0,11.8
HC-20260828-R5,2026-08-28,HC-R5,Ella Novak,147,140,7,128,91.1,10.4
HC-20260828-R6,2026-08-28,HC-R6,Finn Walsh,173,169,4,156,71.9,9.1
HC-20260829-R1,2026-08-29,HC-R1,Aisha Khan,117,115,2,113,73.7,8.8
HC-20260829-R3,2026-08-29,HC-R3,Chloe Wu,109,105,4,98,86.2,11.2
HC-20260829-R4,2026-08-29,HC-R4,Dev Patel,115,112,3,109,59.7,7.5
HC-20260829-R5,2026-08-29,HC-R5,Ella Novak,98,94,4,92,82.5,10.0
HC-20260829-R6,2026-08-29,HC-R6,Finn Walsh,107,104,3,99,56.4,6.8
HC-20260831-R1,2026-08-31,HC-R1,Aisha Khan,148,140,8,139,96.3,12.2
HC-20260831-R2,2026-08-31,HC-R2,Ben Carter,187,178,9,169,82.5,10.6
HC-20260831-R3,2026-08-31,HC-R3,Finn Walsh,150,146,4,139,84.0,10.6
HC-20260831-R4,2026-08-31,HC-R4,Dev Patel,190,187,3,184,77.0,9.5
HC-20260831-R5,2026-08-31,HC-R5,Ella Novak,163,154,9,136,108.7,13.9
HC-20260831-R6,2026-08-31,HC-R6,Finn Walsh,155,150,5,149,80.8,10.1
HC-20260901-R1,2026-09-01,HC-R1,Aisha Khan,147,144,3,133,85.0,11.2
HC-20260901-R2,2026-09-01,HC-R2,Ben Carter,174,170,4,159,80.9,9.7
HC-20260901-R3,2026-09-01,HC-R3,Chloe Wu,145,142,3,134,79.5,9.8
HC-20260901-R4,2026-09-01,HC-R4,Dev Patel,157,149,8,140,114.5,13.8
HC-20260901-R5,2026-09-01,HC-R5,Ella Novak,187,182,5,162,107.6,14.1
HC-20260901-R6,2026-09-01,HC-R6,Finn Walsh,145,142,3,140,97.1,12.6
HC-20260902-R1,2026-09-02,HC-R1,Aisha Khan,170,163,7,153,101.5,12.7
HC-20260902-R2,2026-09-02,HC-R2,Ben Carter,161,158,3,146,77.8,9.7
HC-20260902-R3,2026-09-02,HC-R3,Chloe Wu,159,154,5,154,99.6,12.8
HC-20260902-R4,2026-09-02,HC-R4,Dev Patel,181,176,5,167,107.0,14.0
HC-20260902-R5,2026-09-02,HC-R5,Finn Walsh,163,152,11,139,101.5,12.3
HC-20260902-R6,2026-09-02,HC-R6,Finn Walsh,179,172,7,163,103.4,12.4
HC-20260903-R1,2026-09-03,HC-R1,Aisha Khan,185,177,8,160,108.0,14.2
HC-20260903-R3,2026-09-03,HC-R3,Chloe Wu,161,156,5,156,95.6,11.0
HC-20260903-R4,2026-09-03,HC-R4,Ben Carter,183,175,8,166,111.6,14.5
HC-20260903-R5,2026-09-03,HC-R5,Ella Novak,161,157,4,146,72.6,8.6
HC-20260903-R6,2026-09-03,HC-R6,Finn Walsh,153,145,8,135,93.7,10.9
HC-20260904-R1,2026-09-04,HC-R1,Aisha Khan,163,156,7,139,106.8,13.3
HC-20260904-R2,2026-09-04,HC-R2,Ben Carter,153,147,6,130,83.3,9.9
HC-20260904-R3,2026-09-04,HC-R3,Chloe Wu,142,138,4,135,71.4,9.3
HC-20260904-R4,2026-09-04,HC-R4,Finn Walsh,150,139,11,134,98.0,12.3
HC-20260904-R5,2026-09-04,HC-R5,Ella Novak,148,142,6,133,84.0,10.0
HC-20260904-R6,2026-09-04,HC-R6,Finn Walsh,150,143,7,140,74.5,8.8
HC-20260905-R1,2026-09-05,HC-R1,Aisha Khan,122,120,2,112,57.6,7.2
HC-20260905-R2,2026-09-05,HC-R2,Ben Carter,108,105,3,100,72.4,9.6
HC-20260905-R3,2026-09-05,HC-R3,Dev Patel,132,122,10,116,72.5,8.7
HC-20260905-R4,2026-09-05,HC-R4,Dev Patel,99,97,2,97,58.0,7.1
HC-20260905-R5,2026-09-05,HC-R5,Ella Novak,105,102,3,89,67.7,8.8
HC-20260905-R6,2026-09-05,HC-R6,Finn Walsh,126,123,3,116,90.7,11.2
HC-20260907-R1,2026-09-07,HC-R1,Aisha Khan,148,144,4,136,109.2,14.4
HC-20260907-R2,2026-09-07,HC-R2,Ben Carter,167,164,3,151,107.9,14.4
HC-20260907-R3,2026-09-07,HC-R3,Chloe Wu,152,145,7,139,98.9,12.6
HC-20260907-R4,2026-09-07,HC-R4,Dev Patel,185,175,10,165,107.1,12.3
HC-20260907-R5,2026-09-07,HC-R5,Ella Novak,166,158,8,145,72.0,9.4
HC-20260907-R6,2026-09-07,HC-R6,Finn Walsh,152,146,6,141,94.2,11.2
HC-20260908-R1,2026-09-08,HC-R1,Chloe Wu,155,148,7,145,85.5,10.2
HC-20260908-R2,2026-09-08,HC-R2,Ben Carter,180,176,4,168,80.9,9.6
HC-20260908-R3,2026-09-08,HC-R3,Chloe Wu,176,167,9,158,87.1,10.0
HC-20260908-R4,2026-09-08,HC-R4,Dev Patel,145,138,7,133,96.7,12.0
HC-20260908-R5,2026-09-08,HC-R5,Ella Novak,142,134,8,125,78.4,9.7
HC-20260908-R6,2026-09-08,HC-R6,Finn Walsh,160,152,8,137,92.3,10.8
HC-20260909-R1,2026-09-09,HC-R1,Aisha Khan,187,177,10,174,93.8,12.2
HC-20260909-R2,2026-09-09,HC-R2,Ben Carter,154,147,7,136,106.8,13.8
HC-20260909-R3,2026-09-09,HC-R3,Chloe Wu,152,149,3,137,78.5,10.2
HC-20260909-R4,2026-09-09,HC-R4,Dev Patel,160,152,8,140,74.4,9.5
HC-20260909-R5,2026-09-09,HC-R5,Ella Novak,169,161,8,156,96.4,12.1
HC-20260909-R6,2026-09-09,HC-R6,Finn Walsh,160,157,3,155,78.0,9.0
HC-20260910-R1,2026-09-10,HC-R1,Dev Patel,152,147,5,140,102.2,13.5
HC-20260910-R2,2026-09-10,HC-R2,Ben Carter,183,174,9,168,72.7,9.5
HC-20260910-R3,2026-09-10,HC-R3,Chloe Wu,174,170,4,153,106.2,13.5
HC-20260910-R4,2026-09-10,HC-R4,Dev Patel,165,160,5,155,81.5,9.9
HC-20260910-R5,2026-09-10,HC-R5,Ella Novak,179,176,3,173,86.1,10.7
HC-20260910-R6,2026-09-10,HC-R6,Finn Walsh,149,145,4,134,75.1,9.7
HC-20260911-R1,2026-09-11,HC-R1,Aisha Khan,179,176,3,170,100.3,12.6
HC-20260911-R2,2026-09-11,HC-R2,Dev Patel,170,163,7,159,107.9,13.2
HC-20260911-R3,2026-09-11,HC-R3,Chloe Wu,173,164,9,164,108.5,12.6
HC-20260911-R4,2026-09-11,HC-R4,Dev Patel,183,178,5,161,74.2,9.2
HC-20260911-R5,2026-09-11,HC-R5,Ella Novak,152,145,7,145,108.5,13.9
HC-20260911-R6,2026-09-11,HC-R6,Finn Walsh,140,138,2,134,110.4,13.6
HC-20260912-R1,2026-09-12,HC-R1,Aisha Khan,102,98,4,87,67.9,8.1
HC-20260912-R2,2026-09-12,HC-R2,Dev Patel,124,116,8,108,76.5,9.0
HC-20260912-R3,2026-09-12,HC-R3,Chloe Wu,132,127,5,111,66.1,8.5
HC-20260912-R4,2026-09-12,HC-R4,Dev Patel,117,113,4,106,84.5,10.3
HC-20260912-R5,2026-09-12,HC-R5,Ella Novak,119,114,5,112,86.4,10.4
HC-20260912-R6,2026-09-12,HC-R6,Finn Walsh,104,100,4,90,87.7,10.5
HC-20260914-R1,2026-09-14,HC-R1,Aisha Khan,162,157,5,147,99.9,13.3
HC-20260914-R2,2026-09-14,HC-R2,Ben Carter,181,178,3,173,98.4,12.0
HC-20260914-R3,2026-09-14,HC-R3,Chloe Wu,143,140,3,134,96.0,11.9
HC-20260914-R4,2026-09-14,HC-R4,Dev Patel,172,166,6,166,105.4,12.2
HC-20260914-R5,2026-09-14,HC-R5,Finn Walsh,181,169,12,168,106.4,12.2
HC-20260914-R6,2026-09-14,HC-R6,Finn Walsh,142,140,2,129,96.6,12.7
HC-20260915-R1,2026-09-15,HC-R1,Aisha Khan,146,140,6,135,106.8,12.8
HC-20260915-R2,2026-09-15,HC-R2,Ben Carter,180,172,8,169,98.7,13.1
HC-20260915-R3,2026-09-15,HC-R3,Chloe Wu,188,181,7,175,103.3,12.2
HC-20260915-R4,2026-09-15,HC-R4,Dev Patel,146,139,7,125,105.6,13.1
HC-20260915-R5,2026-09-15,HC-R5,Ella Novak,169,160,9,152,77.2,10.2
HC-20260915-R6,2026-09-15,HC-R6,Finn Walsh,145,141,4,134,78.2,9.8
HC-20260916-R1,2026-09-16,HC-R1,Aisha Khan,148,142,6,134,88.3,10.3
HC-20260916-R2,2026-09-16,HC-R2,Ben Carter,164,157,7,138,109.9,13.6
HC-20260916-R3,2026-09-16,HC-R3,Chloe Wu,182,175,7,162,94.4,12.4
HC-20260916-R4,2026-09-16,HC-R4,Dev Patel,140,137,3,126,98.6,11.4
HC-20260916-R5,2026-09-16,HC-R5,Ella Novak,173,165,8,145,112.2,14.3
HC-20260916-R6,2026-09-16,HC-R6,Finn Walsh,175,168,7,164,99.2,12.9
HC-20260917-R1,2026-09-17,HC-R1,Aisha Khan,154,148,6,141,104.5,13.5
HC-20260917-R2,2026-09-17,HC-R2,Ben Carter,160,157,3,140,90.4,11.2
HC-20260917-R3,2026-09-17,HC-R3,Finn Walsh,188,173,15,159,92.5,12.3
HC-20260917-R4,2026-09-17,HC-R4,Dev Patel,156,153,3,143,96.7,12.0
HC-20260917-R5,2026-09-17,HC-R5,Chloe Wu,184,178,6,175,98.1,13.1
HC-20260917-R6,2026-09-17,HC-R6,Finn Walsh,164,159,5,158,114.5,13.1
HC-20260918-R1,2026-09-18,HC-R1,Aisha Khan,144,138,6,129,102.8,13.4
HC-20260918-R2,2026-09-18,HC-R2,Chloe Wu,166,153,13,150,105.9,12.7
HC-20260918-R3,2026-09-18,HC-R3,Chloe Wu,145,139,6,127,102.6,12.8
HC-20260918-R4,2026-09-18,HC-R4,Dev Patel,186,182,4,172,94.3,10.8
HC-20260918-R5,2026-09-18,HC-R5,Finn Walsh,186,173,13,170,100.1,12.9
HC-20260918-R6,2026-09-18,HC-R6,Finn Walsh,167,164,3,156,79.8,9.4
HC-20260919-R1,2026-09-19,HC-R1,Aisha Khan,113,111,2,109,78.4,10.0
HC-20260919-R2,2026-09-19,HC-R2,Ben Carter,119,113,6,100,62.8,8.1
HC-20260919-R3,2026-09-19,HC-R3,Chloe Wu,104,102,2,98,81.4,9.4
HC-20260919-R4,2026-09-19,HC-R4,Dev Patel,109,104,5,102,65.1,8.3
HC-20260919-R5,2026-09-19,HC-R5,Ella Novak,133,130,3,123,68.5,7.8
HC-20260919-R6,2026-09-19,HC-R6,Finn Walsh,132,125,7,120,63.1,7.4
HC-20260921-R1,2026-09-21,HC-R1,Aisha Khan,147,144,3,141,85.4,10.0
HC-20260921-R2,2026-09-21,HC-R2,Ben Carter,152,144,8,132,114.6,14.9
HC-20260921-R3,2026-09-21,HC-R3,Chloe Wu,143,138,5,131,110.5,13.9
HC-20260921-R4,2026-09-21,HC-R4,Dev Patel,176,170,6,168,82.8,11.1
HC-20260921-R5,2026-09-21,HC-R5,Ben Carter,149,139,10,139,108.9,14.5
HC-20260921-R6,2026-09-21,HC-R6,Finn Walsh,141,137,4,126,109.0,14.1
HC-20260922-R1,2026-09-22,HC-R1,Aisha Khan,142,140,2,132,94.0,10.9
HC-20260922-R2,2026-09-22,HC-R2,Ben Carter,146,141,5,136,113.1,14.3
HC-20260922-R3,2026-09-22,HC-R3,Chloe Wu,176,170,6,166,81.6,10.9
HC-20260922-R4,2026-09-22,HC-R4,Chloe Wu,180,173,7,163,99.2,12.6
HC-20260922-R5,2026-09-22,HC-R5,Ella Novak,165,159,6,154,78.3,9.2
HC-20260922-R6,2026-09-22,HC-R6,Finn Walsh,140,135,5,128,85.7,10.7
HC-20260923-R1,2026-09-23,HC-R1,Aisha Khan,155,152,3,142,84.8,10.1
HC-20260923-R2,2026-09-23,HC-R2,Dev Patel,149,142,7,140,84.1,9.8
HC-20260923-R3,2026-09-23,HC-R3,Dev Patel,190,185,5,177,106.8,12.5
HC-20260923-R4,2026-09-23,HC-R4,Dev Patel,162,154,8,145,93.8,11.7
HC-20260923-R5,2026-09-23,HC-R5,Ella Novak,169,165,4,151,94.0,12.5
HC-20260923-R6,2026-09-23,HC-R6,Finn Walsh,184,175,9,162,73.8,9.0
HC-20260924-R1,2026-09-24,HC-R1,Aisha Khan,150,143,7,133,107.9,12.6
HC-20260924-R2,2026-09-24,HC-R2,Ben Carter,186,176,10,160,91.5,12.0
HC-20260924-R3,2026-09-24,HC-R3,Chloe Wu,185,177,8,165,110.0,14.0
HC-20260924-R4,2026-09-24,HC-R4,Dev Patel,168,162,6,146,74.9,8.6
HC-20260924-R5,2026-09-24,HC-R5,Ella Novak,156,153,3,139,97.5,11.8
HC-20260924-R6,2026-09-24,HC-R6,Finn Walsh,144,140,4,131,98.5,11.6
HC-20260925-R1,2026-09-25,HC-R1,Aisha Khan,187,184,3,173,82.3,10.7
HC-20260925-R3,2026-09-25,HC-R3,Chloe Wu,174,171,3,169,93.5,11.0
HC-20260925-R4,2026-09-25,HC-R4,Dev Patel,189,183,6,174,70.3,8.1
HC-20260925-R5,2026-09-25,HC-R5,Ella Novak,180,172,8,159,73.2,8.5
HC-20260925-R6,2026-09-25,HC-R6,Finn Walsh,158,151,7,138,98.8,11.6
HC-20260926-R1,2026-09-26,HC-R1,Aisha Khan,105,102,3,96,80.2,9.8
HC-20260926-R2,2026-09-26,HC-R2,Ben Carter,127,120,7,112,88.0,10.9
HC-20260926-R3,2026-09-26,HC-R3,Chloe Wu,105,101,4,97,56.1,7.0
HC-20260926-R4,2026-09-26,HC-R4,Dev Patel,102,100,2,97,56.5,7.2
HC-20260926-R5,2026-09-26,HC-R5,Ella Novak,130,127,3,124,74.6,8.8
HC-20260926-R6,2026-09-26,HC-R6,Finn Walsh,122,118,4,114,91.9,11.7
HC-20260928-R1,2026-09-28,HC-R1,Aisha Khan,189,182,7,170,103.1,12.7
HC-20260928-R2,2026-09-28,HC-R2,Ben Carter,170,165,5,159,93.6,11.6
HC-20260928-R3,2026-09-28,HC-R3,Chloe Wu,153,147,6,146,88.7,11.4
HC-20260928-R4,2026-09-28,HC-R4,Dev Patel,144,137,7,129,81.5,10.4
HC-20260928-R5,2026-09-28,HC-R5,Ella Novak,178,173,5,165,98.6,11.3
HC-20260928-R6,2026-09-28,HC-R6,Finn Walsh,165,161,4,160,103.2,13.0
HC-20260929-R1,2026-09-29,HC-R1,Ella Novak,157,145,12,131,87.8,10.4
HC-20260929-R2,2026-09-29,HC-R2,Ben Carter,182,178,4,174,111.3,13.8
HC-20260929-R3,2026-09-29,HC-R3,Chloe Wu,141,139,2,127,112.1,13.9
HC-20260929-R4,2026-09-29,HC-R4,Ben Carter,177,173,4,159,95.2,11.1
HC-20260929-R5,2026-09-29,HC-R5,Ella Novak,145,141,4,135,108.7,13.7
HC-20260929-R6,2026-09-29,HC-R6,Finn Walsh,169,163,6,152,72.7,9.4
HC-20260930-R1,2026-09-30,HC-R1,Finn Walsh,177,166,11,153,113.0,13.3
HC-20260930-R2,2026-09-30,HC-R2,Ben Carter,179,174,5,165,98.9,12.0
HC-20260930-R3,2026-09-30,HC-R3,Chloe Wu,151,145,6,133,95.3,12.5
HC-20260930-R4,2026-09-30,HC-R4,Dev Patel,169,162,7,155,78.1,9.5
HC-20260930-R5,2026-09-30,HC-R5,Ella Novak,170,165,5,165,84.2,10.5
HC-20260930-R6,2026-09-30,HC-R6,Finn Walsh,188,180,8,172,98.2,12.6
