RunID,RunDate,Route,Driver,Parcels,Delivered,Failed,OnTime,DistanceMi,FuelLitres
ET-20260701-R1,2026-07-01,ET-R1,Sanjay Rao,87,80,7,69,125.6,29.9
ET-20260701-R2,2026-07-01,ET-R2,Tara Byrne,72,68,4,59,105.6,n/a
ET-20260701-R3,2026-07-01,ET-R3,Uma Castell,74,67,7,54,115.0,29.0
ET-20260702-R1,2026-07-02,ET-R1,Sanjay Rao,100,97,3,84,113.3,n/a
ET-20260702-R2,2026-07-02,ET-R2,Tara Byrne,75,69,6,59,101.6,22.3
ET-20260702-R3,2026-07-02,ET-R3,Uma Castell,75,67,8,54,113.8,27.7
ET-20260703-R1,2026-07-03,ET-R1,Sanjay Rao,80,72,8,59,110.2,n/a
ET-20260703-R2,2026-07-03,ET-R2,Tara Byrne,76,74,2,63,112.3,27.8
ET-20260703-R3,2026-07-03,ET-R3,Uma Castell,88,80,8,65,119.5,26.7
ET-20260704-R1,2026-07-04,ET-R1,Sanjay Rao,67,64,3,60,75.6,18.7
ET-20260704-R2,2026-07-04,ET-R2,Tara Byrne,59,53,6,45,96.1,n/a
ET-20260704-R3,2026-07-04,ET-R3,Uma Castell,67,62,5,54,100.4,24.0
ET-20260706-R1,2026-07-06,ET-R1,Sanjay Rao,91,81,10,71,103.9,n/a
ET-20260706-R2,2026-07-06,ET-R2,Sanjay Rao,94,88,6,76,126.4,28.2
ET-20260706-R3,2026-07-06,ET-R3,Uma Castell,72,69,3,57,122.5,28.5
ET-20260707-R1,2026-07-07,ET-R1,Sanjay Rao,87,80,7,69,115.6,29.1
ET-20260707-R2,2026-07-07,ET-R2,Tara Byrne,76,68,8,62,120.0,26.2
ET-20260707-R3,2026-07-07,ET-R3,Uma Castell,88,82,6,69,108.7,25.4
ET-20260708-R1,2026-07-08,ET-R1,Sanjay Rao,79,74,5,64,108.4,27.0
ET-20260708-R2,2026-07-08,ET-R2,Tara Byrne,85,77,8,66,106.4,26.4
ET-20260708-R3,2026-07-08,ET-R3,Victor Hale,98,82,16,71,128.7,29.1
ET-20260709-R1,2026-07-09,ET-R1,Sanjay Rao,99,89,10,78,119.5,27.4
ET-20260709-R2,2026-07-09,ET-R2,Tara Byrne,100,97,3,87,117.4,27.9
ET-20260709-R3,2026-07-09,ET-R3,Uma Castell,79,75,4,66,95.1,23.6
ET-20260710-R1,2026-07-10,ET-R1,Sanjay Rao,81,78,3,67,129.8,28.4
ET-20260710-R2,2026-07-10,ET-R2,Tara Byrne,93,90,3,73,114.8,28.2
ET-20260710-R3,2026-07-10,ET-R3,Uma Castell,88,79,9,68,95.8,20.8
ET-20260711-R1,2026-07-11,ET-R1,Sanjay Rao,61,54,7,50,90.1,22.8
ET-20260711-R2,2026-07-11,ET-R2,Tara Byrne,68,61,7,53,87.6,n/a
ET-20260711-R3,2026-07-11,ET-R3,Uma Castell,60,58,2,53,84.1,19.9
ET-20260713-R1,2026-07-13,ET-R1,Victor Hale,100,92,8,80,115.9,28.1
ET-20260713-R2,2026-07-13,ET-R2,Tara Byrne,100,95,5,88,103.6,24.8
ET-20260713-R3,2026-07-13,ET-R3,Uma Castell,78,71,7,63,96.4,22.2
ET-20260714-R1,2026-07-14,ET-R1,Sanjay Rao,94,90,4,75,128.2,28.3
ET-20260714-R2,2026-07-14,ET-R2,Sanjay Rao,70,66,4,56,122.9,27.3
ET-20260714-R3,2026-07-14,ET-R3,Uma Castell,71,69,2,56,109.2,n/a
ET-20260715-R1,2026-07-15,ET-R1,Sanjay Rao,72,66,6,55,123.1,27.1
ET-20260715-R2,2026-07-15,ET-R2,Tara Byrne,99,96,3,83,118.0,25.6
ET-20260715-R3,2026-07-15,ET-R3,Uma Castell,88,81,7,70,128.7,n/a
ET-20260716-R1,2026-07-16,ET-R1,Sanjay Rao,90,83,7,70,103.5,25.3
ET-20260716-R2,2026-07-16,ET-R2,Tara Byrne,85,81,4,68,127.2,31.8
ET-20260716-R3,2026-07-16,ET-R3,Uma Castell,88,85,3,75,124.2,27.4
ET-20260717-R1,2026-07-17,ET-R1,Sanjay Rao,87,84,3,73,101.0,n/a
ET-20260717-R2,2026-07-17,ET-R2,Tara Byrne,98,95,3,83,93.8,23.0
ET-20260717-R3,2026-07-17,ET-R3,Uma Castell,97,87,10,78,113.6,n/a
ET-20260718-R1,2026-07-18,ET-R1,Sanjay Rao,70,62,8,55,78.2,18.8
ET-20260718-R2,2026-07-18,ET-R2,Tara Byrne,50,47,3,39,91.5,22.3
ET-20260718-R3,2026-07-18,ET-R3,Uma Castell,70,63,7,53,84.8,19.3
ET-20260720-R1,2026-07-20,ET-R1,Sanjay Rao,77,74,3,58,95.8,23.7
ET-20260720-R2,2026-07-20,ET-R2,Tara Byrne,84,79,5,71,109.8,25.0
ET-20260720-R3,2026-07-20,ET-R3,Uma Castell,80,73,7,68,114.5,26.9
ET-20260721-R1,2026-07-21,ET-R1,Sanjay Rao,77,73,4,64,105.8,24.3
ET-20260721-R2,2026-07-21,ET-R2,Tara Byrne,97,87,10,77,102.2,23.3
ET-20260721-R3,2026-07-21,ET-R3,Uma Castell,71,69,2,59,125.1,29.7
ET-20260722-R1,2026-07-22,ET-R1,Sanjay Rao,86,83,3,72,114.0,28.4
ET-20260722-R3,2026-07-22,ET-R3,Uma Castell,84,77,7,70,99.1,21.9
ET-20260723-R1,2026-07-23,ET-R1,Sanjay Rao,78,69,9,55,124.9,30.6
ET-20260723-R2,2026-07-23,ET-R2,Tara Byrne,88,80,8,68,125.1,29.2
ET-20260723-R3,2026-07-23,ET-R3,Uma Castell,89,86,3,74,108.7,24.2
ET-20260724-R1,2026-07-24,ET-R1,Sanjay Rao,90,85,5,70,107.9,23.9
ET-20260724-R2,2026-07-24,ET-R2,Tara Byrne,89,80,9,73,126.5,30.6
ET-20260724-R3,2026-07-24,ET-R3,Uma Castell,82,74,8,64,100.3,n/a
ET-20260725-R1,2026-07-25,ET-R1,Sanjay Rao,62,56,6,48,74.6,18.1
ET-20260725-R2,2026-07-25,ET-R2,Tara Byrne,69,67,2,58,77.4,n/a
ET-20260725-R3,2026-07-25,ET-R3,Uma Castell,66,59,7,51,101.3,23.0
ET-20260727-R1,2026-07-27,ET-R1,Sanjay Rao,89,86,3,74,129.7,31.1
ET-20260727-R2,2026-07-27,ET-R2,Tara Byrne,78,73,5,62,114.1,n/a
ET-20260727-R3,2026-07-27,ET-R3,Uma Castell,89,83,6,75,94.3,21.4
ET-20260728-R1,2026-07-28,ET-R1,Sanjay Rao,84,81,3,68,117.3,26.7
ET-20260728-R2,2026-07-28,ET-R2,Tara Byrne,91,86,5,74,123.1,28.1
ET-20260728-R3,2026-07-28,ET-R3,Uma Castell,88,81,7,70,108.9,25.6
ET-20260729-R1,2026-07-29,ET-R1,Sanjay Rao,99,94,5,84,103.8,24.3
ET-20260729-R2,2026-07-29,ET-R2,Tara Byrne,71,65,6,56,104.3,24.7
ET-20260729-R3,2026-07-29,ET-R3,Uma Castell,96,92,4,75,118.9,30.1
ET-20260730-R1,2026-07-30,ET-R1,Sanjay Rao,73,66,7,57,121.6,28.1
ET-20260730-R2,2026-07-30,ET-R2,Tara Byrne,90,84,6,74,130.4,n/a
ET-20260730-R3,2026-07-30,ET-R3,Uma Castell,82,74,8,64,124.8,29.3
ET-20260731-R1,2026-07-31,ET-R1,Sanjay Rao,76,71,5,64,121.4,26.6
ET-20260731-R2,2026-07-31,ET-R2,Tara Byrne,86,83,3,76,125.6,27.3
ET-20260731-R3,2026-07-31,ET-R3,Uma Castell,72,69,3,59,106.4,26.9
ET-20260801-R1,2026-08-01,ET-R1,Sanjay Rao,67,61,6,52,103.0,22.6
ET-20260801-R2,2026-08-01,ET-R2,Tara Byrne,68,66,2,58,91.4,20.2
ET-20260801-R3,2026-08-01,ET-R3,Uma Castell,63,60,3,52,75.3,17.5
ET-20260803-R1,2026-08-03,ET-R1,Victor Hale,95,79,16,70,117.6,28.4
ET-20260803-R2,2026-08-03,ET-R2,Tara Byrne,77,70,7,56,128.4,31.4
ET-20260803-R3,2026-08-03,ET-R3,Uma Castell,71,65,6,58,115.1,29.0
ET-20260804-R1,2026-08-04,ET-R1,Sanjay Rao,90,84,6,67,94.4,22.7
ET-20260804-R2,2026-08-04,ET-R2,Tara Byrne,91,82,9,66,116.8,28.7
ET-20260804-R3,2026-08-04,ET-R3,Uma Castell,87,81,6,70,109.8,25.4
ET-20260805-R1,2026-08-05,ET-R1,Sanjay Rao,96,88,8,71,104.5,n/a
ET-20260805-R2,2026-08-05,ET-R2,Tara Byrne,88,83,5,68,108.1,25.1
ET-20260805-R3,2026-08-05,ET-R3,Uma Castell,78,76,2,69,123.4,27.3
ET-20260806-R1,2026-08-06,ET-R1,Sanjay Rao,82,79,3,66,95.0,n/a
ET-20260806-R2,2026-08-06,ET-R2,Tara Byrne,95,88,7,79,122.5,28.8
ET-20260806-R3,2026-08-06,ET-R3,Uma Castell,91,85,6,78,105.6,25.8
ET-20260807-R1,2026-08-07,ET-R1,Sanjay Rao,87,83,4,69,116.1,25.3
ET-20260807-R2,2026-08-07,ET-R2,Tara Byrne,80,77,3,67,98.2,21.8
ET-20260807-R3,2026-08-07,ET-R3,Uma Castell,72,68,4,59,122.4,30.1
ET-20260808-R1,2026-08-08,ET-R1,Sanjay Rao,55,52,3,46,91.6,n/a
ET-20260808-R2,2026-08-08,ET-R2,Tara Byrne,62,56,6,51,78.6,19.9
ET-20260808-R3,2026-08-08,ET-R3,Uma Castell,67,60,7,50,84.5,n/a
ET-20260810-R1,2026-08-10,ET-R1,Sanjay Rao,84,76,8,68,107.8,26.5
ET-20260810-R2,2026-08-10,ET-R2,Tara Byrne,93,84,9,73,118.4,29.7
ET-20260810-R3,2026-08-10,ET-R3,Uma Castell,100,92,8,78,109.1,n/a
ET-20260811-R1,2026-08-11,ET-R1,Sanjay Rao,75,68,7,56,117.9,27.2
ET-20260811-R2,2026-08-11,ET-R2,Tara Byrne,70,67,3,55,114.6,26.2
ET-20260812-R1,2026-08-12,ET-R1,Sanjay Rao,78,74,4,64,116.3,27.4
ET-20260812-R2,2026-08-12,ET-R2,Tara Byrne,86,83,3,72,124.0,n/a
ET-20260812-R3,2026-08-12,ET-R3,Uma Castell,71,67,4,53,125.5,28.1
ET-20260813-R1,2026-08-13,ET-R1,Tara Byrne,91,79,12,72,121.2,29.3
ET-20260813-R2,2026-08-13,ET-R2,Tara Byrne,82,77,5,67,108.1,25.3
ET-20260813-R3,2026-08-13,ET-R3,Uma Castell,84,75,9,65,128.1,30.5
ET-20260814-R1,2026-08-14,ET-R1,Sanjay Rao,84,78,6,70,106.3,24.2
ET-20260814-R2,2026-08-14,ET-R2,Tara Byrne,91,84,7,73,116.4,27.4
ET-20260814-R3,2026-08-14,ET-R3,Sanjay Rao,73,62,11,54,125.3,28.2
ET-20260815-R1,2026-08-15,ET-R1,Victor Hale,58,51,7,48,79.5,17.7
ET-20260815-R2,2026-08-15,ET-R2,Tara Byrne,51,48,3,39,100.5,22.9
ET-20260815-R3,2026-08-15,ET-R3,Uma Castell,64,58,6,51,83.6,19.8
ET-20260817-R1,2026-08-17,ET-R1,Sanjay Rao,94,91,3,79,127.6,32.2
ET-20260817-R2,2026-08-17,ET-R2,Tara Byrne,90,83,7,72,109.1,26.0
ET-20260817-R3,2026-08-17,ET-R3,Uma Castell,84,77,7,64,128.1,31.0
ET-20260818-R1,2026-08-18,ET-R1,Tara Byrne,90,85,5,78,120.3,27.7
ET-20260818-R2,2026-08-18,ET-R2,Tara Byrne,74,69,5,58,113.2,26.2
ET-20260818-R3,2026-08-18,ET-R3,Uma Castell,90,87,3,72,118.7,26.5
ET-20260819-R1,2026-08-19,ET-R1,Sanjay Rao,86,82,4,70,100.0,25.3
ET-20260819-R2,2026-08-19,ET-R2,Tara Byrne,70,65,5,55,127.8,30.3
ET-20260819-R3,2026-08-19,ET-R3,Uma Castell,99,88,11,73,107.8,25.3
ET-20260820-R1,2026-08-20,ET-R1,Sanjay Rao,91,87,4,72,119.8,29.7
ET-20260820-R2,2026-08-20,ET-R2,Tara Byrne,83,80,3,69,107.5,n/a
ET-20260820-R3,2026-08-20,ET-R3,Sanjay Rao,81,69,12,57,102.7,23.2
ET-20260821-R1,2026-08-21,ET-R1,Sanjay Rao,72,67,5,59,125.3,29.1
ET-20260821-R2,2026-08-21,ET-R2,Tara Byrne,87,83,4,67,97.0,23.0
ET-20260821-R3,2026-08-21,ET-R3,Sanjay Rao,78,71,7,60,118.2,27.1
ET-20260822-R1,2026-08-22,ET-R1,Sanjay Rao,67,60,7,50,88.0,n/a
ET-20260822-R2,2026-08-22,ET-R2,Tara Byrne,49,45,4,40,103.3,23.7
ET-20260822-R3,2026-08-22,ET-R3,Uma Castell,59,56,3,48,84.3,19.8
ET-20260824-R1,2026-08-24,ET-R1,Sanjay Rao,96,88,8,81,109.9,26.4
ET-20260824-R2,2026-08-24,ET-R2,Tara Byrne,73,66,7,57,105.1,23.9
ET-20260824-R3,2026-08-24,ET-R3,Uma Castell,78,71,7,59,125.8,27.8
ET-20260825-R1,2026-08-25,ET-R1,Sanjay Rao,71,68,3,59,108.8,25.6
ET-20260825-R2,2026-08-25,ET-R2,Tara Byrne,86,77,9,66,96.4,21.6
ET-20260825-R3,2026-08-25,ET-R3,Victor Hale,84,77,7,66,94.6,22.6
ET-20260826-R1,2026-08-26,ET-R1,Sanjay Rao,90,84,6,75,104.5,n/a
ET-20260826-R2,2026-08-26,ET-R2,Tara Byrne,84,76,8,62,103.6,26.1
ET-20260826-R3,2026-08-26,ET-R3,Uma Castell,100,90,10,79,110.8,27.6
ET-20260827-R1,2026-08-27,ET-R1,Sanjay Rao,91,83,8,72,100.3,24.1
ET-20260827-R2,2026-08-27,ET-R2,Tara Byrne,95,92,3,74,100.6,22.7
ET-20260827-R3,2026-08-27,ET-R3,Uma Castell,79,73,6,68,108.8,23.8
ET-20260828-R1,2026-08-28,ET-R1,Sanjay Rao,93,84,9,77,109.1,25.0
ET-20260828-R2,2026-08-28,ET-R2,Tara Byrne,77,70,7,59,96.3,21.4
ET-20260828-R3,2026-08-28,ET-R3,Uma Castell,85,76,9,67,111.9,26.2
ET-20260829-R1,2026-08-29,ET-R1,Sanjay Rao,59,53,6,44,78.9,18.6
ET-20260829-R2,2026-08-29,ET-R2,Tara Byrne,65,60,5,52,95.2,22.3
ET-20260829-R3,2026-08-29,ET-R3,Uma Castell,53,48,5,41,99.0,n/a
ET-20260831-R1,2026-08-31,ET-R1,Sanjay Rao,75,72,3,61,98.7,22.3
ET-20260831-R2,2026-08-31,ET-R2,Tara Byrne,84,78,6,64,106.6,25.4
ET-20260831-R3,2026-08-31,ET-R3,Uma Castell,71,68,3,55,120.5,30.4
ET-20260901-R1,2026-09-01,ET-R1,Sanjay Rao,86,81,5,72,123.0,27.8
ET-20260901-R2,2026-09-01,ET-R2,Tara Byrne,93,88,5,79,116.8,n/a
ET-20260901-R3,2026-09-01,ET-R3,Uma Castell,79,70,9,58,125.1,28.9
ET-20260902-R1,2026-09-02,ET-R1,Sanjay Rao,93,83,10,75,96.1,21.4
ET-20260902-R2,2026-09-02,ET-R2,Tara Byrne,91,88,3,77,127.6,30.2
ET-20260902-R3,2026-09-02,ET-R3,Uma Castell,76,71,5,62,110.1,23.9
ET-20260903-R1,2026-09-03,ET-R1,Uma Castell,71,61,10,56,105.0,n/a
ET-20260903-R2,2026-09-03,ET-R2,Tara Byrne,88,85,3,70,102.0,22.5
ET-20260903-R3,2026-09-03,ET-R3,Uma Castell,97,89,8,74,101.7,23.5
ET-20260904-R1,2026-09-04,ET-R1,Sanjay Rao,96,89,7,73,114.7,28.3
ET-20260904-R2,2026-09-04,ET-R2,Tara Byrne,71,68,3,61,97.9,24.2
ET-20260904-R3,2026-09-04,ET-R3,Uma Castell,81,78,3,63,124.0,30.4
ET-20260905-R1,2026-09-05,ET-R1,Sanjay Rao,64,62,2,56,92.6,21.7
ET-20260905-R2,2026-09-05,ET-R2,Tara Byrne,61,57,4,48,98.4,24.0
ET-20260905-R3,2026-09-05,ET-R3,Uma Castell,62,56,6,48,99.9,23.8
ET-20260907-R1,2026-09-07,ET-R1,Sanjay Rao,74,67,7,59,114.7,26.7
ET-20260907-R2,2026-09-07,ET-R2,Tara Byrne,76,71,5,61,127.7,n/a
ET-20260907-R3,2026-09-07,ET-R3,Uma Castell,78,69,9,59,98.1,23.0
ET-20260908-R1,2026-09-08,ET-R1,Sanjay Rao,87,81,6,74,103.0,24.1
ET-20260908-R2,2026-09-08,ET-R2,Tara Byrne,86,80,6,64,101.4,23.8
ET-20260908-R3,2026-09-08,ET-R3,Uma Castell,75,68,7,60,122.4,30.7
ET-20260909-R1,2026-09-09,ET-R1,Sanjay Rao,88,82,6,73,117.5,25.4
ET-20260909-R2,2026-09-09,ET-R2,Tara Byrne,92,82,10,73,97.6,23.8
ET-20260909-R3,2026-09-09,ET-R3,Uma Castell,83,78,5,66,101.4,n/a
ET-20260910-R1,2026-09-10,ET-R1,Sanjay Rao,99,93,6,77,96.9,23.4
ET-20260910-R2,2026-09-10,ET-R2,Victor Hale,71,63,8,52,104.3,23.0
ET-20260910-R3,2026-09-10,ET-R3,Uma Castell,86,83,3,74,106.4,23.6
ET-20260911-R1,2026-09-11,ET-R1,Tara Byrne,74,68,6,54,103.7,22.6
ET-20260911-R2,2026-09-11,ET-R2,Tara Byrne,96,86,10,74,102.9,22.4
ET-20260911-R3,2026-09-11,ET-R3,Uma Castell,75,71,4,60,124.5,n/a
ET-20260912-R1,2026-09-12,ET-R1,Sanjay Rao,64,58,6,51,89.8,19.9
ET-20260912-R2,2026-09-12,ET-R2,Tara Byrne,55,51,4,46,100.8,22.5
ET-20260912-R3,2026-09-12,ET-R3,Uma Castell,69,66,3,58,93.8,21.4
ET-20260914-R1,2026-09-14,ET-R1,Sanjay Rao,85,82,3,74,115.9,25.5
ET-20260914-R2,2026-09-14,ET-R2,Tara Byrne,93,87,6,71,122.5,28.2
ET-20260914-R3,2026-09-14,ET-R3,Uma Castell,71,68,3,58,110.1,27.4
ET-20260915-R1,2026-09-15,ET-R1,Tara Byrne,87,77,10,68,96.1,21.5
ET-20260915-R2,2026-09-15,ET-R2,Tara Byrne,100,96,4,90,115.6,29.3
ET-20260915-R3,2026-09-15,ET-R3,Uma Castell,72,67,5,56,109.2,n/a
ET-20260916-R1,2026-09-16,ET-R1,Sanjay Rao,92,82,10,74,98.2,n/a
ET-20260916-R2,2026-09-16,ET-R2,Tara Byrne,79,72,7,64,110.9,25.4
ET-20260916-R3,2026-09-16,ET-R3,Uma Castell,90,84,6,70,128.0,n/a
ET-20260917-R1,2026-09-17,ET-R1,Sanjay Rao,74,68,6,58,105.0,26.1
ET-20260917-R2,2026-09-17,ET-R2,Uma Castell,72,62,10,55,104.4,24.8
ET-20260917-R3,2026-09-17,ET-R3,Uma Castell,80,74,6,64,106.1,n/a
ET-20260918-R2,2026-09-18,ET-R2,Tara Byrne,95,87,8,74,109.1,24.8
ET-20260918-R3,2026-09-18,ET-R3,Uma Castell,99,89,10,82,111.5,26.6
ET-20260919-R1,2026-09-19,ET-R1,Sanjay Rao,53,50,3,44,83.5,n/a
ET-20260919-R2,2026-09-19,ET-R2,Tara Byrne,55,50,5,42,91.8,22.4
ET-20260919-R3,2026-09-19,ET-R3,Uma Castell,70,64,6,59,74.9,17.5
ET-20260921-R1,2026-09-21,ET-R1,Sanjay Rao,82,79,3,65,110.9,25.2
ET-20260921-R2,2026-09-21,ET-R2,Tara Byrne,95,86,9,76,95.1,20.8
ET-20260921-R3,2026-09-21,ET-R3,Uma Castell,76,73,3,63,101.2,23.2
ET-20260922-R1,2026-09-22,ET-R1,Sanjay Rao,88,79,9,67,127.9,29.0
ET-20260922-R2,2026-09-22,ET-R2,Tara Byrne,86,76,10,69,116.2,25.9
ET-20260922-R3,2026-09-22,ET-R3,Uma Castell,75,71,4,65,101.2,24.2
ET-20260923-R1,2026-09-23,ET-R1,Sanjay Rao,86,78,8,67,111.7,n/a
ET-20260923-R2,2026-09-23,ET-R2,Tara Byrne,75,69,6,60,95.0,22.8
ET-20260923-R3,2026-09-23,ET-R3,Tara Byrne,90,75,15,62,109.7,n/a
ET-20260924-R1,2026-09-24,ET-R1,Sanjay Rao,96,93,3,84,101.8,24.3
ET-20260924-R2,2026-09-24,ET-R2,Tara Byrne,73,69,4,59,103.3,25.5
ET-20260924-R3,2026-09-24,ET-R3,Tara Byrne,80,73,7,63,98.5,22.9
ET-20260925-R1,2026-09-25,ET-R1,Uma Castell,89,77,12,70,104.3,24.4
ET-20260925-R2,2026-09-25,ET-R2,Tara Byrne,97,87,10,75,95.2,20.6
ET-20260925-R3,2026-09-25,ET-R3,Uma Castell,98,89,9,79,122.5,n/a
ET-20260926-R1,2026-09-26,ET-R1,Sanjay Rao,60,55,5,44,97.0,24.3
ET-20260926-R2,2026-09-26,ET-R2,Tara Byrne,53,51,2,42,84.4,20.6
ET-20260926-R3,2026-09-26,ET-R3,Tara Byrne,60,52,8,44,85.5,21.3
ET-20260928-R1,2026-09-28,ET-R1,Sanjay Rao,98,94,4,78,121.7,27.7
ET-20260928-R2,2026-09-28,ET-R2,Tara Byrne,74,71,3,63,94.0,23.1
ET-20260928-R3,2026-09-28,ET-R3,Uma Castell,95,87,8,72,128.5,32.3
ET-20260929-R1,2026-09-29,ET-R1,Victor Hale,97,87,10,76,95.3,23.2
ET-20260929-R2,2026-09-29,ET-R2,Tara Byrne,92,88,4,75,107.6,27.0
ET-20260929-R3,2026-09-29,ET-R3,Uma Castell,71,65,6,59,97.7,23.1
ET-20260930-R1,2026-09-30,ET-R1,Uma Castell,94,85,9,72,107.7,26.8
ET-20260930-R2,2026-09-30,ET-R2,Tara Byrne,95,85,10,71,100.6,22.7
ET-20260930-R3,2026-09-30,ET-R3,Uma Castell,72,66,6,55,110.9,25.2
TOTAL,,,,18940,17534,1406,15123,25234.2,
