RunDate,RunID,Driver,Route,Parcels,Failed,Delivered,OnTime,FuelLitres,DistanceKm,Notes
2026-07-01,BP-20260701-R1,Hana Sato,BP-R1,145,6,139,131,15.4,114.7,
2026-07-01,BP-20260701-R2,Ivan Petrov,BP-R2,149,6,143,130,16.3,121.6,
2026-07-01,BP-20260701-R3,Luis Ortega,BP-R3,112,7,105,102,17.6,127.0,
2026-07-01,BP-20260701-R4,Kofi Mensah,BP-R4,133,3,130,110,13.5,99.2,
2026-07-02,BP-20260702-R1,Hana Sato,BP-R1,149,8,141,126,15.4,123.4,
2026-07-02,BP-20260702-R2,Ivan Petrov,BP-R2,147,3,144,137,14.0,98.9,
2026-07-02,BP-20260702-R3,Jade Moss,BP-R3,122,4,118,100,13.0,106.4,
2026-07-02,BP-20260702-R4,Kofi Mensah,BP-R4,131,7,124,105,18.4,137.7,
2026-07-03,BP-20260703-R1,Hana Sato,BP-R1,131,9,122,115,14.8,119.3,
2026-07-03,BP-20260703-R2,Ivan Petrov,BP-R2,142,7,135,124,12.8,97.5,
2026-07-03,BP-20260703-R3,Jade Moss,BP-R3,133,7,126,119,16.6,121.2,
2026-07-03,BP-20260703-R4,Kofi Mensah,BP-R4,115,3,112,104,17.8,133.4,
2026-07-04,BP-20260704-R1,Hana Sato,BP-R1,100,2,98,89,12.7,91.7,
2026-07-04,BP-20260704-R2,Jade Moss,BP-R2,97,8,89,78,10.1,78.0,
2026-07-04,BP-20260704-R3,Jade Moss,BP-R3,84,5,79,72,10.3,82.1,
2026-07-04,BP-20260704-R4,Hana Sato,BP-R4,86,7,79,75,11.7,84.9,
2026-07-06,BP-20260706-R1,Hana Sato,BP-R1,130,4,126,114,16.6,134.1,
2026-07-06,BP-20260706-R2,Ivan Petrov,BP-R2,134,6,128,115,18.6,133.6,Customer complaint
2026-07-06,BP-20260706-R3,Jade Moss,BP-R3,113,4,109,100,12.3,95.7,
2026-07-06,BP-20260706-R4,Kofi Mensah,BP-R4,139,5,134,112,16.2,128.8,
2026-07-07,BP-20260707-R1,Hana Sato,BP-R1,138,4,134,119,15.4,110.3,
2026-07-07,BP-20260707-R2,Ivan Petrov,BP-R2,147,6,141,126,13.0,93.5,
2026-07-07,BP-20260707-R3,Jade Moss,BP-R3,114,5,109,99,14.4,104.4,Late trailer
2026-07-07,BP-20260707-R4,Kofi Mensah,BP-R4,141,6,135,122,15.0,108.8,
2026-07-08,BP-20260708-R1,Jade Moss,BP-R1,147,11,136,130,11.9,91.6,
2026-07-08,BP-20260708-R2,Ivan Petrov,BP-R2,122,9,113,97,13.6,100.5,
2026-07-08,BP-20260708-R3,Jade Moss,BP-R3,114,2,112,106,14.8,120.1,
2026-07-08,BP-20260708-R4,Kofi Mensah,BP-R4,132,4,128,125,18.5,133.1,
2026-07-09,BP-20260709-R1,Hana Sato,BP-R1,136,5,131,116,13.1,100.5,
2026-07-09,BP-20260709-R2,Kofi Mensah,BP-R2,125,4,121,110,13.1,106.7,
2026-07-09,BP-20260709-R3,Jade Moss,BP-R3,139,8,131,113,17.1,131.9,
2026-07-09,BP-20260709-R4,Kofi Mensah,BP-R4,110,8,102,96,17.4,134.5,
2026-07-10,BP-20260710-R1,Hana Sato,BP-R1,138,9,129,119,16.8,132.7,
2026-07-10,BP-20260710-R2,Ivan Petrov,BP-R2,124,8,116,106,15.0,124.7,
2026-07-10,BP-20260710-R3,Jade Moss,BP-R3,123,3,120,103,15.2,109.3,
2026-07-10,BP-20260710-R4,Kofi Mensah,BP-R4,123,6,117,100,15.3,109.4,
2026-07-11,BP-20260711-R1,Hana Sato,BP-R1,100,4,96,87,13.5,96.1,
2026-07-11,BP-20260711-R2,Ivan Petrov,BP-R2,85,5,80,75,13.1,93.9,
2026-07-11,BP-20260711-R3,Jade Moss,BP-R3,94,6,88,82,12.8,99.3,
2026-07-11,BP-20260711-R4,Kofi Mensah,BP-R4,102,2,100,98,11.6,84.5,
2026-07-13,BP-20260713-R1,Hana Sato,BP-R1,116,5,111,100,12.7,102.9,Road closure on A12
2026-07-13,BP-20260713-R2,Ivan Petrov,BP-R2,123,6,117,103,13.0,106.1,
2026-07-13,BP-20260713-R3,Jade Moss,BP-R3,150,8,142,125,13.3,106.8,
2026-07-13,BP-20260713-R4,Luis Ortega,BP-R4,133,6,127,126,17.2,137.3,
2026-07-14,BP-20260714-R1,Luis Ortega,BP-R1,138,9,129,117,14.8,116.9,
2026-07-14,BP-20260714-R2,Ivan Petrov,BP-R2,127,3,124,113,12.0,96.8,
2026-07-14,BP-20260714-R3,Hana Sato,BP-R3,116,4,112,102,18.3,136.1,
2026-07-14,BP-20260714-R4,Kofi Mensah,BP-R4,139,7,132,118,12.7,101.9,
2026-07-15,BP-20260715-R1,Hana Sato,BP-R1,149,10,139,125,13.6,106.7,
2026-07-15,BP-20260715-R2,Ivan Petrov,BP-R2,144,8,136,123,15.3,121.6,
2026-07-15,BP-20260715-R3,Jade Moss,BP-R3,146,7,139,126,12.8,99.0,
2026-07-15,BP-20260715-R4,Kofi Mensah,BP-R4,131,10,121,106,16.4,129.6,
2026-07-16,BP-20260716-R1,Hana Sato,BP-R1,122,6,116,104,13.6,105.8,
2026-07-16,BP-20260716-R2,Ivan Petrov,BP-R2,147,8,139,124,16.6,120.3,
2026-07-16,BP-20260716-R3,Ivan Petrov,BP-R3,110,4,106,95,14.5,103.1,
2026-07-16,BP-20260716-R4,Kofi Mensah,BP-R4,132,4,128,118,18.3,136.9,
2026-07-17,BP-20260717-R1,Hana Sato,BP-R1,146,8,138,127,13.9,104.7,
,,,,,,,,,,
2026-07-17,BP-20260717-R2,Ivan Petrov,BP-R2,150,4,146,130,16.0,127.1,
2026-07-17,BP-20260717-R3,Jade Moss,BP-R3,128,6,122,114,16.8,131.5,
2026-07-17,BP-20260717-R4,Luis Ortega,BP-R4,129,6,123,119,12.9,100.6,Van swap
2026-07-18,BP-20260718-R1,Hana Sato,BP-R1,98,4,94,87,10.5,85.4,
2026-07-18,BP-20260718-R2,Ivan Petrov,BP-R2,95,3,92,85,10.8,82.3,
2026-07-18,BP-20260718-R4,Ivan Petrov,BP-R4,95,7,88,82,9.8,73.6,
2026-07-20,BP-20260720-R1,Hana Sato,BP-R1,141,9,132,123,13.6,97.9,
2026-07-20,BP-20260720-R2,Ivan Petrov,BP-R2,115,4,111,96,14.9,105.7,
2026-07-20,BP-20260720-R3,Jade Moss,BP-R3,132,7,125,108,12.1,98.0,
2026-07-20,BP-20260720-R4,Hana Sato,BP-R4,122,10,112,98,17.1,125.7,
2026-07-21,BP-20260721-R1,Hana Sato,BP-R1,123,6,117,106,14.5,103.2,
2026-07-21,BP-20260721-R2,Ivan Petrov,BP-R2,150,5,145,130,15.9,115.7,
2026-07-21,BP-20260721-R3,Kofi Mensah,BP-R3,138,7,131,114,14.5,112.1,
2026-07-21,BP-20260721-R4,Kofi Mensah,BP-R4,111,4,107,93,12.2,94.6,
2026-07-22,BP-20260722-R1,Hana Sato,BP-R1,117,7,110,102,17.8,134.5,
2026-07-22,BP-20260722-R2,Hana Sato,BP-R2,141,7,134,124,16.2,116.1,
2026-07-22,BP-20260722-R3,Ivan Petrov,BP-R3,129,9,120,118,14.6,108.6,
2026-07-22,BP-20260722-R4,Hana Sato,BP-R4,141,12,129,124,12.2,93.2,
2026-07-23,BP-20260723-R1,Kofi Mensah,BP-R1,143,7,136,132,16.3,118.7,
2026-07-23,BP-20260723-R2,Hana Sato,BP-R2,145,6,139,131,17.5,134.4,
2026-07-23,BP-20260723-R3,Jade Moss,BP-R3,134,8,126,117,12.2,91.7,Customer complaint
2026-07-23,BP-20260723-R4,Kofi Mensah,BP-R4,136,8,128,128,17.2,126.2,
2026-07-24,BP-20260724-R1,Hana Sato,BP-R1,140,8,132,124,18.9,133.8,
2026-07-24,BP-20260724-R2,Ivan Petrov,BP-R2,141,5,136,124,19.2,139.0,
2026-07-24,BP-20260724-R3,Jade Moss,BP-R3,144,9,135,121,19.6,139.4,
2026-07-24,BP-20260724-R4,Ivan Petrov,BP-R4,113,4,109,100,12.9,94.3,
2026-07-25,BP-20260725-R1,Hana Sato,BP-R1,83,5,78,71,9.9,81.0,
2026-07-25,BP-20260725-R2,Ivan Petrov,BP-R2,100,5,95,92,11.5,82.6,
2026-07-25,BP-20260725-R3,Jade Moss,BP-R3,77,2,75,65,12.9,94.0,
2026-07-25,BP-20260725-R4,Kofi Mensah,BP-R4,99,4,95,88,13.8,100.3,
2026-07-27,BP-20260727-R1,Hana Sato,BP-R1,139,9,130,118,14.3,102.3,
2026-07-27,BP-20260727-R2,Ivan Petrov,BP-R2,124,8,116,103,13.2,97.0,
2026-07-27,BP-20260727-R3,Kofi Mensah,BP-R3,126,11,115,107,16.8,126.9,
2026-07-27,BP-20260727-R4,Kofi Mensah,BP-R4,121,3,118,110,13.0,92.3,
2026-07-28,BP-20260728-R1,Hana Sato,BP-R1,129,5,124,105,14.0,113.6,
2026-07-28,BP-20260728-R2,Ivan Petrov,BP-R2,135,8,127,119,12.1,100.5,
2026-07-28,BP-20260728-R3,Jade Moss,BP-R3,139,3,136,128,18.1,132.8,
2026-07-28,BP-20260728-R4,Kofi Mensah,BP-R4,121,5,116,103,17.8,129.0,Road closure on A12
2026-07-29,BP-20260729-R1,Hana Sato,BP-R1,132,3,129,116,17.6,138.5,
2026-07-29,BP-20260729-R2,Ivan Petrov,BP-R2,140,3,137,122,18.2,129.7,
2026-07-29,BP-20260729-R3,Jade Moss,BP-R3,137,10,127,125,12.3,98.1,
2026-07-29,BP-20260729-R4,Kofi Mensah,BP-R4,121,4,117,106,14.5,117.1,Road closure on A12
2026-07-30,BP-20260730-R1,Hana Sato,BP-R1,143,8,135,127,11.9,90.1,
2026-07-30,BP-20260730-R2,Ivan Petrov,BP-R2,112,3,109,104,12.0,90.3,
2026-07-30,BP-20260730-R3,Jade Moss,BP-R3,123,5,118,100,16.8,124.2,
2026-07-30,BP-20260730-R4,Kofi Mensah,BP-R4,113,5,108,98,14.1,101.5,Road closure on A12
2026-07-31,BP-20260731-R1,Hana Sato,BP-R1,124,7,117,112,12.9,105.3,
2026-07-31,BP-20260731-R2,Ivan Petrov,BP-R2,144,5,139,134,19.4,139.1,
2026-07-31,BP-20260731-R3,Jade Moss,BP-R3,127,5,122,116,12.9,100.9,
2026-07-31,BP-20260731-R4,Kofi Mensah,BP-R4,111,6,105,100,15.4,117.9,
2026-08-01,BP-20260801-R1,Hana Sato,BP-R1,105,4,101,91,14.6,103.1,
2026-08-01,BP-20260801-R2,Ivan Petrov,BP-R2,104,5,99,87,11.0,81.6,
2026-08-01,BP-20260801-R3,Jade Moss,BP-R3,86,6,80,74,13.3,105.3,Van swap
2026-08-01,BP-20260801-R4,Kofi Mensah,BP-R4,81,4,77,70,13.1,98.8,
2026-08-03,BP-20260803-R1,Hana Sato,BP-R1,140,6,134,127,12.8,96.7,
2026-08-03,BP-20260803-R2,Luis Ortega,BP-R2,128,4,124,108,12.0,98.2,
2026-08-03,BP-20260803-R3,Jade Moss,BP-R3,136,9,127,124,15.0,111.5,
2026-08-04,BP-20260804-R1,Hana Sato,BP-R1,147,10,137,115,14.2,108.1,
2026-08-04,BP-20260804-R2,Ivan Petrov,BP-R2,147,4,143,130,15.6,120.0,
2026-08-04,BP-20260804-R3,Jade Moss,BP-R3,125,4,121,109,18.1,132.1,
2026-08-04,BP-20260804-R4,Kofi Mensah,BP-R4,139,6,133,129,17.2,130.1,
2026-08-05,BP-20260805-R1,Hana Sato,BP-R1,120,8,112,101,16.7,125.5,
2026-08-05,BP-20260805-R2,Ivan Petrov,BP-R2,116,4,112,103,12.1,90.3,
2026-08-05,BP-20260805-R3,Jade Moss,BP-R3,147,9,138,123,12.9,94.3,
2026-08-05,BP-20260805-R4,Kofi Mensah,BP-R4,121,7,114,97,16.5,118.8,
2026-08-06,BP-20260806-R1,Hana Sato,BP-R1,131,8,123,112,15.4,112.4,
2026-08-06,BP-20260806-R2,Ivan Petrov,BP-R2,123,4,119,116,15.8,118.3,
2026-08-06,BP-20260806-R3,Jade Moss,BP-R3,149,9,140,123,15.7,121.9,
2026-08-06,BP-20260806-R4,Kofi Mensah,BP-R4,115,5,110,101,17.1,133.8,
2026-08-07,BP-20260807-R1,Hana Sato,BP-R1,137,5,132,132,17.1,121.0,
2026-08-07,BP-20260807-R2,Hana Sato,BP-R2,131,7,124,114,15.2,125.4,
2026-08-07,BP-20260807-R3,Jade Moss,BP-R3,121,5,116,104,12.9,103.2,
2026-08-07,BP-20260807-R4,Kofi Mensah,BP-R4,117,7,110,103,17.3,128.7,
2026-08-08,BP-20260808-R1,Hana Sato,BP-R1,92,2,90,89,15.1,111.6,
2026-08-08,BP-20260808-R2,Ivan Petrov,BP-R2,98,5,93,86,10.7,84.0,
2026-08-08,BP-20260808-R4,Kofi Mensah,BP-R4,81,6,75,63,12.8,95.6,
2026-08-10,BP-20260810-R1,Hana Sato,BP-R1,141,4,137,123,14.4,105.3,
2026-08-10,BP-20260810-R2,Ivan Petrov,BP-R2,127,4,123,116,16.2,115.4,Customer complaint
2026-08-10,BP-20260810-R3,Jade Moss,BP-R3,120,8,112,99,17.5,134.7,
2026-08-10,BP-20260810-R4,Kofi Mensah,BP-R4,124,9,115,105,14.7,120.6,
2026-08-11,BP-20260811-R1,Hana Sato,BP-R1,127,9,118,107,15.0,123.6,
2026-08-11,BP-20260811-R2,Ivan Petrov,BP-R2,111,7,104,90,12.4,94.5,
2026-08-11,BP-20260811-R3,Jade Moss,BP-R3,135,5,130,123,14.8,116.2,
2026-08-11,BP-20260811-R4,Kofi Mensah,BP-R4,145,3,142,133,12.7,103.6,
2026-08-12,BP-20260812-R1,Hana Sato,BP-R1,127,8,119,109,13.9,107.1,
2026-08-12,BP-20260812-R2,Ivan Petrov,BP-R2,126,3,123,113,13.4,95.6,Van swap
2026-08-12,BP-20260812-R3,Jade Moss,BP-R3,133,6,127,113,14.9,123.1,
2026-08-12,BP-20260812-R4,Kofi Mensah,BP-R4,140,6,134,119,13.7,111.2,Road closure on A12
2026-08-13,BP-20260813-R1,Hana Sato,BP-R1,112,5,107,99,15.2,111.5,
2026-08-13,BP-20260813-R2,Ivan Petrov,BP-R2,138,5,133,112,13.9,101.0,
2026-08-13,BP-20260813-R3,Luis Ortega,BP-R3,141,9,132,129,14.5,113.0,
2026-08-13,BP-20260813-R4,Luis Ortega,BP-R4,139,12,127,114,15.2,110.6,
2026-08-14,BP-20260814-R1,Hana Sato,BP-R1,125,4,121,111,11.8,90.1,Customer complaint
2026-08-14,BP-20260814-R2,Ivan Petrov,BP-R2,145,5,140,122,13.7,104.2,
2026-08-14,BP-20260814-R3,Jade Moss,BP-R3,145,4,141,128,13.5,105.8,
2026-08-14,BP-20260814-R4,Luis Ortega,BP-R4,146,14,132,117,11.9,91.9,
2026-08-15,BP-20260815-R1,Hana Sato,BP-R1,95,7,88,82,11.0,90.9,
2026-08-15,BP-20260815-R2,Kofi Mensah,BP-R2,85,6,79,68,10.6,76.2,
2026-08-15,BP-20260815-R3,Jade Moss,BP-R3,80,3,77,69,10.8,83.2,
2026-08-15,BP-20260815-R4,Kofi Mensah,BP-R4,93,5,88,80,11.5,88.9,
2026-08-17,BP-20260817-R1,Hana Sato,BP-R1,130,3,127,119,13.2,95.2,
2026-08-17,BP-20260817-R2,Ivan Petrov,BP-R2,150,7,143,134,13.4,97.9,
2026-08-17,BP-20260817-R3,Jade Moss,BP-R3,137,4,133,122,17.6,136.7,
2026-08-17,BP-20260817-R4,Kofi Mensah,BP-R4,125,5,120,120,15.3,110.7,
2026-08-18,BP-20260818-R1,Hana Sato,BP-R1,128,8,120,109,15.7,122.4,
2026-08-18,BP-20260818-R2,Ivan Petrov,BP-R2,125,3,122,113,15.4,110.2,
2026-08-18,BP-20260818-R3,Jade Moss,BP-R3,125,8,117,111,11.5,91.9,
2026-08-18,BP-20260818-R4,Kofi Mensah,BP-R4,115,7,108,101,15.8,114.2,
2026-08-19,BP-20260819-R1,Hana Sato,BP-R1,138,10,128,112,16.2,120.5,
2026-08-19,BP-20260819-R2,Ivan Petrov,BP-R2,145,6,139,130,15.1,119.3,
2026-08-19,BP-20260819-R3,Luis Ortega,BP-R3,114,12,102,86,12.8,96.7,
2026-08-19,BP-20260819-R4,Hana Sato,BP-R4,140,11,129,108,11.8,94.7,Van swap
2026-08-20,BP-20260820-R1,Luis Ortega,BP-R1,136,14,122,115,16.8,122.8,
2026-08-20,BP-20260820-R2,Hana Sato,BP-R2,122,7,115,102,12.1,91.2,
2026-08-20,BP-20260820-R3,Jade Moss,BP-R3,120,5,115,98,15.0,118.4,
2026-08-20,BP-20260820-R4,Kofi Mensah,BP-R4,150,9,141,125,15.4,126.8,
2026-08-21,BP-20260821-R1,Hana Sato,BP-R1,150,7,143,127,11.5,90.8,
2026-08-21,BP-20260821-R2,Hana Sato,BP-R2,119,12,107,95,14.3,110.3,
2026-08-21,BP-20260821-R3,Jade Moss,BP-R3,147,11,136,127,14.2,103.3,
2026-08-21,BP-20260821-R4,Kofi Mensah,BP-R4,138,4,134,123,12.4,95.3,
2026-08-22,BP-20260822-R1,Hana Sato,BP-R1,83,2,81,77,12.7,90.0,
2026-08-22,BP-20260822-R2,Ivan Petrov,BP-R2,82,3,79,76,13.1,94.1,
2026-08-22,BP-20260822-R3,Jade Moss,BP-R3,101,5,96,90,10.6,79.6,
,,,,,,,,,,
2026-08-22,BP-20260822-R4,Kofi Mensah,BP-R4,101,5,96,86,10.9,79.4,
2026-08-24,BP-20260824-R1,Hana Sato,BP-R1,121,9,112,102,14.8,112.9,
2026-08-24,BP-20260824-R2,Luis Ortega,BP-R2,146,10,136,127,16.9,139.2,
2026-08-24,BP-20260824-R3,Jade Moss,BP-R3,136,6,130,112,15.4,123.5,
2026-08-24,BP-20260824-R4,Kofi Mensah,BP-R4,131,6,125,117,18.2,137.4,
2026-08-25,BP-20260825-R1,Hana Sato,BP-R1,129,6,123,117,14.3,113.4,
2026-08-25,BP-20260825-R2,Ivan Petrov,BP-R2,117,8,109,101,12.2,91.5,
2026-08-25,BP-20260825-R3,Jade Moss,BP-R3,135,10,125,111,13.3,108.0,
2026-08-25,BP-20260825-R4,Kofi Mensah,BP-R4,148,7,141,127,14.4,112.7,
2026-08-26,BP-20260826-R1,Hana Sato,BP-R1,125,6,119,115,17.3,130.2,
2026-08-26,BP-20260826-R2,Ivan Petrov,BP-R2,132,4,128,116,15.0,106.2,
2026-08-26,BP-20260826-R3,Jade Moss,BP-R3,119,5,114,108,13.7,102.5,
2026-08-26,BP-20260826-R4,Kofi Mensah,BP-R4,142,10,132,119,18.8,133.5,
2026-08-27,BP-20260827-R1,Hana Sato,BP-R1,124,4,120,111,11.5,94.6,
2026-08-27,BP-20260827-R2,Ivan Petrov,BP-R2,130,9,121,109,17.9,138.1,
2026-08-27,BP-20260827-R3,Jade Moss,BP-R3,128,7,121,106,16.3,132.3,
2026-08-27,BP-20260827-R4,Kofi Mensah,BP-R4,111,8,103,96,12.4,91.8,
2026-08-28,BP-20260828-R1,Hana Sato,BP-R1,111,6,105,95,12.4,95.1,
2026-08-28,BP-20260828-R2,Ivan Petrov,BP-R2,126,7,119,108,16.4,128.2,
2026-08-28,BP-20260828-R3,Jade Moss,BP-R3,137,5,132,117,18.2,138.4,Customer complaint
2026-08-28,BP-20260828-R4,Jade Moss,BP-R4,128,8,120,103,13.6,111.4,Road closure on A12
2026-08-29,BP-20260829-R1,Hana Sato,BP-R1,88,3,85,80,10.7,82.0,
2026-08-29,BP-20260829-R2,Ivan Petrov,BP-R2,81,4,77,71,12.9,101.7,Customer complaint
2026-08-29,BP-20260829-R3,Jade Moss,BP-R3,101,4,97,89,10.7,75.9,
2026-08-29,BP-20260829-R4,Kofi Mensah,BP-R4,103,5,98,83,13.2,102.0,
2026-08-31,BP-20260831-R1,Hana Sato,BP-R1,122,7,115,107,18.5,135.6,
2026-08-31,BP-20260831-R2,Ivan Petrov,BP-R2,147,10,137,123,13.2,104.0,
2026-08-31,BP-20260831-R3,Jade Moss,BP-R3,124,9,115,112,16.4,123.7,Road closure on A12
2026-08-31,BP-20260831-R4,Kofi Mensah,BP-R4,123,3,120,110,12.4,93.7,
2026-09-01,BP-20260901-R1,Hana Sato,BP-R1,145,9,136,128,14.3,106.3,
2026-09-01,BP-20260901-R2,Hana Sato,BP-R2,142,6,136,136,14.2,112.8,
2026-09-01,BP-20260901-R3,Jade Moss,BP-R3,134,9,125,119,13.2,108.8,
2026-09-01,BP-20260901-R4,Kofi Mensah,BP-R4,150,8,142,142,14.0,103.7,Customer complaint
2026-09-02,BP-20260902-R1,Hana Sato,BP-R1,131,9,122,107,15.4,120.1,
2026-09-02,BP-20260902-R2,Ivan Petrov,BP-R2,125,4,121,110,13.3,106.4,
2026-09-02,BP-20260902-R3,Luis Ortega,BP-R3,115,5,110,103,16.8,130.0,
2026-09-02,BP-20260902-R4,Kofi Mensah,BP-R4,110,2,108,100,13.8,103.9,
2026-09-03,BP-20260903-R1,Hana Sato,BP-R1,142,10,132,125,15.8,113.2,
2026-09-03,BP-20260903-R2,Ivan Petrov,BP-R2,148,5,143,137,16.3,122.5,
2026-09-03,BP-20260903-R3,Luis Ortega,BP-R3,113,11,102,98,14.0,113.3,
2026-09-03,BP-20260903-R4,Kofi Mensah,BP-R4,112,4,108,101,13.3,98.5,
2026-09-04,BP-20260904-R1,Hana Sato,BP-R1,140,4,136,119,13.5,99.0,
2026-09-04,BP-20260904-R2,Ivan Petrov,BP-R2,147,5,142,127,14.4,113.9,
2026-09-04,BP-20260904-R3,Jade Moss,BP-R3,140,7,133,119,12.2,91.8,
2026-09-04,BP-20260904-R4,Kofi Mensah,BP-R4,120,5,115,102,18.2,139.4,
2026-09-05,BP-20260905-R1,Hana Sato,BP-R1,99,7,92,81,13.1,98.2,
2026-09-05,BP-20260905-R2,Ivan Petrov,BP-R2,102,2,100,96,11.9,91.7,Road closure on A12
2026-09-05,BP-20260905-R3,Jade Moss,BP-R3,80,5,75,66,12.8,101.5,
2026-09-05,BP-20260905-R4,Kofi Mensah,BP-R4,91,2,89,79,10.8,84.0,
2026-09-07,BP-20260907-R1,Jade Moss,BP-R1,114,10,104,97,16.3,134.0,
2026-09-07,BP-20260907-R2,Jade Moss,BP-R2,110,6,104,98,13.2,101.1,
2026-09-07,BP-20260907-R3,Jade Moss,BP-R3,123,6,117,107,13.4,106.2,
2026-09-07,BP-20260907-R4,Kofi Mensah,BP-R4,115,3,112,110,17.4,137.8,
2026-09-08,BP-20260908-R1,Hana Sato,BP-R1,125,3,122,116,15.4,116.7,
2026-09-08,BP-20260908-R2,Ivan Petrov,BP-R2,115,5,110,97,17.1,132.4,
2026-09-08,BP-20260908-R3,Jade Moss,BP-R3,148,7,141,125,17.1,125.6,
2026-09-08,BP-20260908-R4,Kofi Mensah,BP-R4,112,7,105,99,12.8,92.5,
2026-09-09,BP-20260909-R1,Hana Sato,BP-R1,144,4,140,139,14.7,105.8,
2026-09-09,BP-20260909-R2,Ivan Petrov,BP-R2,139,9,130,120,17.1,126.7,
2026-09-09,BP-20260909-R3,Jade Moss,BP-R3,131,5,126,112,17.5,138.0,
2026-09-09,BP-20260909-R4,Kofi Mensah,BP-R4,119,5,114,101,12.7,100.6,
2026-09-10,BP-20260910-R1,Hana Sato,BP-R1,140,10,130,118,17.3,123.6,
,,,,,,,,,,
2026-09-10,BP-20260910-R2,Ivan Petrov,BP-R2,113,5,108,98,14.4,106.4,
2026-09-10,BP-20260910-R3,Jade Moss,BP-R3,127,7,120,112,13.4,98.9,
2026-09-10,BP-20260910-R4,Kofi Mensah,BP-R4,117,5,112,104,14.2,104.5,
2026-09-11,BP-20260911-R1,Hana Sato,BP-R1,124,4,120,109,13.3,106.3,
2026-09-11,BP-20260911-R2,Ivan Petrov,BP-R2,120,5,115,104,17.0,138.7,
2026-09-11,BP-20260911-R3,Jade Moss,BP-R3,113,8,105,99,16.6,135.4,
2026-09-11,BP-20260911-R4,Kofi Mensah,BP-R4,122,8,114,100,17.0,130.2,
2026-09-12,BP-20260912-R1,Jade Moss,BP-R1,95,5,90,86,10.6,83.5,
2026-09-12,BP-20260912-R2,Ivan Petrov,BP-R2,88,4,84,77,9.8,79.9,
2026-09-12,BP-20260912-R3,Jade Moss,BP-R3,93,2,91,85,14.8,106.8,
2026-09-12,BP-20260912-R4,Kofi Mensah,BP-R4,80,4,76,66,10.3,80.0,
2026-09-14,BP-20260914-R1,Jade Moss,BP-R1,124,4,120,109,17.5,129.8,
2026-09-14,BP-20260914-R2,Ivan Petrov,BP-R2,140,8,132,118,15.9,131.7,
2026-09-14,BP-20260914-R3,Jade Moss,BP-R3,124,7,117,108,18.5,137.9,
2026-09-14,BP-20260914-R4,Kofi Mensah,BP-R4,150,10,140,124,14.9,115.0,
2026-09-15,BP-20260915-R1,Hana Sato,BP-R1,147,6,141,129,12.3,90.4,
2026-09-15,BP-20260915-R2,Ivan Petrov,BP-R2,146,4,142,133,13.4,107.7,Customer complaint
2026-09-15,BP-20260915-R3,Ivan Petrov,BP-R3,120,8,112,102,16.7,125.5,
2026-09-15,BP-20260915-R4,Kofi Mensah,BP-R4,143,7,136,126,17.4,132.4,
2026-09-16,BP-20260916-R1,Hana Sato,BP-R1,114,4,110,104,18.6,137.2,
2026-09-16,BP-20260916-R2,Ivan Petrov,BP-R2,135,3,132,109,15.1,113.2,
2026-09-16,BP-20260916-R3,Jade Moss,BP-R3,122,7,115,104,12.4,102.0,
2026-09-16,BP-20260916-R4,Kofi Mensah,BP-R4,148,8,140,133,14.7,108.7,
2026-09-17,BP-20260917-R1,Jade Moss,BP-R1,141,11,130,123,15.9,120.9,
2026-09-17,BP-20260917-R2,Ivan Petrov,BP-R2,110,4,106,100,16.0,115.3,
2026-09-17,BP-20260917-R3,Jade Moss,BP-R3,135,3,132,118,15.0,121.3,
2026-09-17,BP-20260917-R4,Kofi Mensah,BP-R4,129,5,124,112,13.5,102.0,
2026-09-18,BP-20260918-R1,Hana Sato,BP-R1,139,10,129,123,11.8,96.1,
2026-09-18,BP-20260918-R2,Ivan Petrov,BP-R2,148,9,139,125,12.5,94.3,
2026-09-18,BP-20260918-R3,Jade Moss,BP-R3,132,3,129,113,15.7,117.5,
2026-09-18,BP-20260918-R4,Kofi Mensah,BP-R4,136,4,132,127,17.5,131.4,
2026-09-19,BP-20260919-R1,Hana Sato,BP-R1,90,2,88,82,12.3,87.6,
2026-09-19,BP-20260919-R2,Ivan Petrov,BP-R2,99,7,92,85,10.1,79.4,
2026-09-19,BP-20260919-R3,Jade Moss,BP-R3,97,5,92,86,11.6,93.3,
2026-09-19,BP-20260919-R4,Jade Moss,BP-R4,83,5,78,69,11.9,89.7,
2026-09-21,BP-20260921-R1,Jade Moss,BP-R1,113,10,103,95,13.1,96.7,
2026-09-21,BP-20260921-R2,Ivan Petrov,BP-R2,125,6,119,112,14.8,115.2,
2026-09-21,BP-20260921-R3,Jade Moss,BP-R3,149,9,140,134,12.8,91.0,
2026-09-21,BP-20260921-R4,Kofi Mensah,BP-R4,122,9,113,106,13.2,95.5,
2026-09-22,BP-20260922-R1,Hana Sato,BP-R1,137,10,127,114,12.0,94.4,
2026-09-22,BP-20260922-R2,Ivan Petrov,BP-R2,147,9,138,126,17.6,128.3,
2026-09-22,BP-20260922-R3,Jade Moss,BP-R3,111,7,104,99,14.8,106.0,
2026-09-22,BP-20260922-R4,Kofi Mensah,BP-R4,112,7,105,93,13.7,103.8,
2026-09-23,BP-20260923-R1,Hana Sato,BP-R1,147,6,141,133,17.9,132.9,
2026-09-23,BP-20260923-R2,Hana Sato,BP-R2,122,4,118,107,13.4,99.4,
2026-09-23,BP-20260923-R3,Jade Moss,BP-R3,131,9,122,108,14.8,111.8,
2026-09-23,BP-20260923-R4,Kofi Mensah,BP-R4,116,7,109,101,18.4,133.3,
2026-09-24,BP-20260924-R1,Hana Sato,BP-R1,113,4,109,100,17.7,130.4,
2026-09-24,BP-20260924-R2,Ivan Petrov,BP-R2,115,7,108,99,18.9,135.5,
2026-09-24,BP-20260924-R3,Jade Moss,BP-R3,143,5,138,126,17.2,130.1,
2026-09-24,BP-20260924-R4,Kofi Mensah,BP-R4,140,4,136,124,12.4,96.5,
2026-09-25,BP-20260925-R1,Hana Sato,BP-R1,116,7,109,97,11.7,97.4,
2026-09-25,BP-20260925-R2,Ivan Petrov,BP-R2,134,5,129,114,15.2,121.6,Customer complaint
2026-09-25,BP-20260925-R3,Jade Moss,BP-R3,124,5,119,108,18.6,133.8,
2026-09-25,BP-20260925-R4,Kofi Mensah,BP-R4,145,6,139,134,16.7,125.1,
2026-09-26,BP-20260926-R1,Hana Sato,BP-R1,95,6,89,79,12.4,88.7,
2026-09-26,BP-20260926-R2,Ivan Petrov,BP-R2,82,3,79,74,13.2,101.1,
2026-09-26,BP-20260926-R3,Jade Moss,BP-R3,98,5,93,88,9.7,75.8,
2026-09-26,BP-20260926-R4,Luis Ortega,BP-R4,102,4,98,94,11.9,93.6,
2026-09-28,BP-20260928-R1,Hana Sato,BP-R1,117,3,114,106,17.8,126.6,
2026-09-28,BP-20260928-R2,Ivan Petrov,BP-R2,133,9,124,112,12.5,98.0,
2026-09-28,BP-20260928-R3,Jade Moss,BP-R3,111,3,108,98,15.5,126.3,
2026-09-28,BP-20260928-R4,Kofi Mensah,BP-R4,124,9,115,110,12.5,100.2,
2026-09-29,BP-20260929-R1,Hana Sato,BP-R1,120,3,117,107,19.1,138.5,
2026-09-29,BP-20260929-R2,Ivan Petrov,BP-R2,138,5,133,125,14.6,109.6,
2026-09-29,BP-20260929-R3,Jade Moss,BP-R3,135,9,126,116,18.5,131.8,
2026-09-29,BP-20260929-R4,Hana Sato,BP-R4,128,7,121,110,16.0,114.1,
2026-09-30,BP-20260930-R1,Hana Sato,BP-R1,134,5,129,116,15.7,130.2,
2026-09-30,BP-20260930-R2,Ivan Petrov,BP-R2,117,7,110,98,18.0,130.1,
2026-09-30,BP-20260930-R3,Jade Moss,BP-R3,126,3,123,109,14.2,101.1,
2026-09-30,BP-20260930-R4,Kofi Mensah,BP-R4,125,8,117,112,12.0,93.9,
