InvoiceNo,Date,Site,Product,Quantity,Unit,UnitPrice,LineTotal
PM-20260601-DT,01/06/2026,OLIVE & EMBER DOWNTOWN,BEEF MINCE,25.9,kg,23.65,612.54
PM-20260601-DT,01/06/2026,OLIVE & EMBER DOWNTOWN,RIBEYE STEAK,6.4,kg,48.14,308.1
PM-20260601-DT,01/06/2026,OLIVE & EMBER DOWNTOWN,CHICKEN BREAST,14.2,kg,13.43,190.71
PM-20260601-DT,01/06/2026,OLIVE & EMBER DOWNTOWN,PORK SAUSAGE,12.8,kg,12.86,164.61
PM-20260601-DT,01/06/2026,OLIVE & EMBER DOWNTOWN,LAMB SHOULDER,4.3,kg,22.12,95.12
PM-20260604-DT,04/06/2026,OLIVE & EMBER DOWNTOWN,BEEF MINCE,40.3,kg,23.11,931.33
PM-20260604-DT,04/06/2026,OLIVE & EMBER DOWNTOWN,RIBEYE STEAK,17.1,kg,47.71,815.84
PM-20260604-DT,04/06/2026,OLIVE & EMBER DOWNTOWN,CHICKEN BREAST,10.7,kg,13.35,142.85
PM-20260604-DT,04/06/2026,OLIVE & EMBER DOWNTOWN,PORK SAUSAGE,14.9,kg,12.63,188.19
PM-20260604-DT,04/06/2026,OLIVE & EMBER DOWNTOWN,LAMB SHOULDER,5.9,kg,21.99,129.74
PM-20260608-DT,08/06/2026,OLIVE & EMBER DOWNTOWN,BEEF MINCE,21.3,kg,23.42,498.85
PM-20260608-DT,08/06/2026,OLIVE & EMBER DOWNTOWN,RIBEYE STEAK,10.6,kg,48.53,514.42
PM-20260608-DT,08/06/2026,OLIVE & EMBER DOWNTOWN,CHICKEN BREAST,15.1,kg,13.41,202.49
PM-20260608-DT,08/06/2026,OLIVE & EMBER DOWNTOWN,PORK SAUSAGE,11.8,kg,12.73,150.21
PM-20260608-DT,08/06/2026,OLIVE & EMBER DOWNTOWN,LAMB SHOULDER,2.1,kg,22.15,46.52
PM-20260611-DT,11/06/2026,OLIVE & EMBER DOWNTOWN,BEEF MINCE,39.8,kg,23.15,921.37
PM-20260611-DT,11/06/2026,OLIVE & EMBER DOWNTOWN,RIBEYE STEAK,10.5,kg,48.69,511.25
PM-20260611-DT,11/06/2026,OLIVE & EMBER DOWNTOWN,CHICKEN BREAST,16.2,kg,13.35,216.27
PM-20260611-DT,11/06/2026,OLIVE & EMBER DOWNTOWN,PORK SAUSAGE,17.8,kg,12.58,223.92
PM-20260611-DT,11/06/2026,OLIVE & EMBER DOWNTOWN,LAMB SHOULDER,6.6,kg,21.77,143.68
PM-20260615-DT,15/06/2026,OLIVE & EMBER DOWNTOWN,BEEF MINCE,23.3,kg,23.62,550.35
PM-20260615-DT,15/06/2026,OLIVE & EMBER DOWNTOWN,RIBEYE STEAK,7,kg,48.54,339.78
PM-20260615-DT,15/06/2026,OLIVE & EMBER DOWNTOWN,CHICKEN BREAST,12,kg,13.66,163.92
PM-20260615-DT,15/06/2026,OLIVE & EMBER DOWNTOWN,PORK SAUSAGE,8.2,kg,12.68,103.98
PM-20260615-DT,15/06/2026,OLIVE & EMBER DOWNTOWN,LAMB SHOULDER,2.4,kg,22.24,53.38
PM-20260618-DT,18/06/2026,OLIVE & EMBER DOWNTOWN,BEEF MINCE,37.2,kg,23.43,871.6
PM-20260618-DT,18/06/2026,OLIVE & EMBER DOWNTOWN,RIBEYE STEAK,18.8,kg,48.38,909.54
PM-20260618-DT,18/06/2026,OLIVE & EMBER DOWNTOWN,CHICKEN BREAST,16.8,kg,13.68,229.82
PM-20260618-DT,18/06/2026,OLIVE & EMBER DOWNTOWN,PORK SAUSAGE,16.2,kg,12.87,208.49
PM-20260618-DT,18/06/2026,OLIVE & EMBER DOWNTOWN,LAMB SHOULDER,6.4,kg,22.03,140.99
PM-20260622-DT,22/06/2026,OLIVE & EMBER DOWNTOWN,BEEF MINCE,19.9,kg,23.35,464.67
PM-20260622-DT,22/06/2026,OLIVE & EMBER DOWNTOWN,RIBEYE STEAK,8.5,kg,48.25,410.13
PM-20260622-DT,22/06/2026,OLIVE & EMBER DOWNTOWN,CHICKEN BREAST,9,kg,13.56,122.04
PM-20260622-DT,22/06/2026,OLIVE & EMBER DOWNTOWN,PORK SAUSAGE,13.7,kg,12.74,174.54
PM-20260622-DT,22/06/2026,OLIVE & EMBER DOWNTOWN,LAMB SHOULDER,6.9,kg,21.8,150.42
PM-20260625-DT,25/06/2026,OLIVE & EMBER DOWNTOWN,BEEF MINCE,42.7,kg,23.25,992.78
PM-20260625-DT,25/06/2026,OLIVE & EMBER DOWNTOWN,RIBEYE STEAK,13.7,kg,48.7,667.19
PM-20260625-DT,25/06/2026,OLIVE & EMBER DOWNTOWN,CHICKEN BREAST,18.4,kg,13.43,247.11
PM-20260625-DT,25/06/2026,OLIVE & EMBER DOWNTOWN,PORK SAUSAGE,13,kg,12.87,167.31
PM-20260625-DT,25/06/2026,OLIVE & EMBER DOWNTOWN,LAMB SHOULDER,6.6,kg,21.69,143.15
PM-20260629-DT,29/06/2026,OLIVE & EMBER DOWNTOWN,BEEF MINCE,21.5,kg,23.65,508.48
PM-20260629-DT,29/06/2026,OLIVE & EMBER DOWNTOWN,RIBEYE STEAK,5.4,kg,48.41,261.41
PM-20260629-DT,29/06/2026,OLIVE & EMBER DOWNTOWN,CHICKEN BREAST,14.1,kg,13.29,187.39
PM-20260629-DT,29/06/2026,OLIVE & EMBER DOWNTOWN,PORK SAUSAGE,9.4,kg,12.68,119.19
PM-20260629-DT,29/06/2026,OLIVE & EMBER DOWNTOWN,LAMB SHOULDER,5.8,kg,22.05,127.89
PM-20260601-RV,01/06/2026,OLIVE & EMBER RIVERSIDE,BEEF MINCE,18.8,kg,23.46,441.05
PM-20260601-RV,01/06/2026,OLIVE & EMBER RIVERSIDE,RIBEYE STEAK,9.9,kg,48.59,481.04
PM-20260601-RV,01/06/2026,OLIVE & EMBER RIVERSIDE,CHICKEN BREAST,12,kg,13.42,161.04
PM-20260601-RV,01/06/2026,OLIVE & EMBER RIVERSIDE,PORK SAUSAGE,12,kg,12.67,152.04
PM-20260601-RV,01/06/2026,OLIVE & EMBER RIVERSIDE,LAMB SHOULDER,5.2,kg,21.82,113.46
PM-20260604-RV,04/06/2026,OLIVE & EMBER RIVERSIDE,BEEF MINCE,34.4,kg,23.45,806.68
PM-20260604-RV,04/06/2026,OLIVE & EMBER RIVERSIDE,RIBEYE STEAK,9.8,kg,48.33,473.63
PM-20260604-RV,04/06/2026,OLIVE & EMBER RIVERSIDE,CHICKEN BREAST,13.8,kg,13.29,183.4
PM-20260604-RV,04/06/2026,OLIVE & EMBER RIVERSIDE,PORK SAUSAGE,15.6,kg,12.58,196.25
PM-20260604-RV,04/06/2026,OLIVE & EMBER RIVERSIDE,LAMB SHOULDER,4.8,kg,22.01,105.65
PM-20260608-RV,08/06/2026,OLIVE & EMBER RIVERSIDE,BEEF MINCE,17.4,kg,23.55,409.77
PM-20260608-RV,08/06/2026,OLIVE & EMBER RIVERSIDE,RIBEYE STEAK,8.8,kg,48.16,423.81
PM-20260608-RV,08/06/2026,OLIVE & EMBER RIVERSIDE,CHICKEN BREAST,6.5,kg,13.35,86.78
PM-20260608-RV,08/06/2026,OLIVE & EMBER RIVERSIDE,PORK SAUSAGE,5.6,kg,12.59,70.5
PM-20260608-RV,08/06/2026,OLIVE & EMBER RIVERSIDE,LAMB SHOULDER,0.9,kg,22.1,19.89
PM-20260611-RV,11/06/2026,OLIVE & EMBER RIVERSIDE,BEEF MINCE,37.5,kg,23.43,878.63
PM-20260611-RV,11/06/2026,OLIVE & EMBER RIVERSIDE,RIBEYE STEAK,12,kg,48.68,584.16
PM-20260611-RV,11/06/2026,OLIVE & EMBER RIVERSIDE,CHICKEN BREAST,16.4,kg,13.54,222.06
PM-20260611-RV,11/06/2026,OLIVE & EMBER RIVERSIDE,PORK SAUSAGE,17.2,kg,12.77,219.64
PM-20260611-RV,11/06/2026,OLIVE & EMBER RIVERSIDE,LAMB SHOULDER,7.9,kg,21.76,171.9
PM-20260615-RV,15/06/2026,OLIVE & EMBER RIVERSIDE,BEEF MINCE,35.5,kg,23.58,837.09
PM-20260615-RV,15/06/2026,OLIVE & EMBER RIVERSIDE,RIBEYE STEAK,10.9,kg,48.34,526.91
PM-20260615-RV,15/06/2026,OLIVE & EMBER RIVERSIDE,CHICKEN BREAST,12.2,kg,13.63,166.29
PM-20260615-RV,15/06/2026,OLIVE & EMBER RIVERSIDE,PORK SAUSAGE,8.2,kg,12.87,105.53
PM-20260615-RV,15/06/2026,OLIVE & EMBER RIVERSIDE,LAMB SHOULDER,3.7,kg,22.06,81.62
PM-20260618-RV,18/06/2026,OLIVE & EMBER RIVERSIDE,BEEF MINCE,32.2,kg,23.5,756.7
PM-20260618-RV,18/06/2026,OLIVE & EMBER RIVERSIDE,RIBEYE STEAK,14.2,kg,47.82,679.04
PM-20260618-RV,18/06/2026,OLIVE & EMBER RIVERSIDE,CHICKEN BREAST,16.4,kg,13.5,221.4
PM-20260618-RV,18/06/2026,OLIVE & EMBER RIVERSIDE,PORK SAUSAGE,16.9,kg,12.88,217.67
PM-20260618-RV,18/06/2026,OLIVE & EMBER RIVERSIDE,LAMB SHOULDER,6.5,kg,22.11,143.72
PM-20260622-RV,22/06/2026,OLIVE & EMBER RIVERSIDE,BEEF MINCE,21.8,kg,23.53,512.95
PM-20260622-RV,22/06/2026,OLIVE & EMBER RIVERSIDE,RIBEYE STEAK,6,kg,48.3,289.8
PM-20260622-RV,22/06/2026,OLIVE & EMBER RIVERSIDE,CHICKEN BREAST,12,kg,13.65,163.8
PM-20260622-RV,22/06/2026,OLIVE & EMBER RIVERSIDE,PORK SAUSAGE,9.8,kg,12.81,125.54
PM-20260622-RV,22/06/2026,OLIVE & EMBER RIVERSIDE,LAMB SHOULDER,1.8,kg,22.25,40.05
PM-20260625-RV,25/06/2026,OLIVE & EMBER RIVERSIDE,BEEF MINCE,37.2,kg,23.64,879.41
PM-20260625-RV,25/06/2026,OLIVE & EMBER RIVERSIDE,RIBEYE STEAK,17.7,kg,47.97,849.07
PM-20260625-RV,25/06/2026,OLIVE & EMBER RIVERSIDE,CHICKEN BREAST,20.1,kg,13.54,272.15
PM-20260625-RV,25/06/2026,OLIVE & EMBER RIVERSIDE,PORK SAUSAGE,15.2,kg,12.89,195.93
PM-20260625-RV,25/06/2026,OLIVE & EMBER RIVERSIDE,LAMB SHOULDER,5.8,kg,21.73,126.03
PM-20260629-RV,29/06/2026,OLIVE & EMBER RIVERSIDE,BEEF MINCE,29.2,kg,23.43,684.16
PM-20260629-RV,29/06/2026,OLIVE & EMBER RIVERSIDE,RIBEYE STEAK,7.1,kg,48.81,346.55
PM-20260629-RV,29/06/2026,OLIVE & EMBER RIVERSIDE,CHICKEN BREAST,5.7,kg,13.62,77.63
PM-20260629-RV,29/06/2026,OLIVE & EMBER RIVERSIDE,PORK SAUSAGE,11.1,kg,12.68,140.75
PM-20260629-RV,29/06/2026,OLIVE & EMBER RIVERSIDE,LAMB SHOULDER,4,kg,21.73,86.92
PM-20260601-AP,01/06/2026,OLIVE & EMBER AIRPORT,BEEF MINCE,23.1,kg,23.22,536.38
PM-20260601-AP,01/06/2026,OLIVE & EMBER AIRPORT,RIBEYE STEAK,6.2,kg,48.95,303.49
PM-20260601-AP,01/06/2026,OLIVE & EMBER AIRPORT,CHICKEN BREAST,14.8,kg,13.37,197.88
PM-20260601-AP,01/06/2026,OLIVE & EMBER AIRPORT,PORK SAUSAGE,12.6,kg,12.77,160.9
PM-20260601-AP,01/06/2026,OLIVE & EMBER AIRPORT,LAMB SHOULDER,6.9,kg,22.16,152.9
PM-20260604-AP,04/06/2026,OLIVE & EMBER AIRPORT,BEEF MINCE,28.9,kg,23.38,675.68
PM-20260604-AP,04/06/2026,OLIVE & EMBER AIRPORT,RIBEYE STEAK,6,kg,47.83,286.98
PM-20260604-AP,04/06/2026,OLIVE & EMBER AIRPORT,CHICKEN BREAST,8.8,kg,13.39,117.83
PM-20260604-AP,04/06/2026,OLIVE & EMBER AIRPORT,PORK SAUSAGE,11.2,kg,12.77,143.02
PM-20260604-AP,04/06/2026,OLIVE & EMBER AIRPORT,LAMB SHOULDER,4.1,kg,21.7,88.97
PM-20260608-AP,08/06/2026,OLIVE & EMBER AIRPORT,BEEF MINCE,24.2,kg,23.19,561.2
PM-20260608-AP,08/06/2026,OLIVE & EMBER AIRPORT,RIBEYE STEAK,1.4,kg,48.32,67.65
PM-20260608-AP,08/06/2026,OLIVE & EMBER AIRPORT,CHICKEN BREAST,10.8,kg,13.55,146.34
PM-20260608-AP,08/06/2026,OLIVE & EMBER AIRPORT,PORK SAUSAGE,5.4,kg,12.87,69.5
PM-20260608-AP,08/06/2026,OLIVE & EMBER AIRPORT,LAMB SHOULDER,3.5,kg,21.91,76.69
PM-20260611-AP,11/06/2026,OLIVE & EMBER AIRPORT,BEEF MINCE,26.6,kg,23.6,627.76
PM-20260611-AP,11/06/2026,OLIVE & EMBER AIRPORT,RIBEYE STEAK,6.4,kg,48.96,313.34
PM-20260611-AP,11/06/2026,OLIVE & EMBER AIRPORT,CHICKEN BREAST,14,kg,13.44,188.16
PM-20260611-AP,11/06/2026,OLIVE & EMBER AIRPORT,PORK SAUSAGE,10.8,kg,12.68,136.94
PM-20260611-AP,11/06/2026,OLIVE & EMBER AIRPORT,LAMB SHOULDER,6.4,kg,22.25,142.4
PM-20260615-AP,15/06/2026,OLIVE & EMBER AIRPORT,BEEF MINCE,31.6,kg,23.08,729.33
PM-20260615-AP,15/06/2026,OLIVE & EMBER AIRPORT,RIBEYE STEAK,4.6,kg,48.21,221.77
PM-20260615-AP,15/06/2026,OLIVE & EMBER AIRPORT,CHICKEN BREAST,11.3,kg,13.67,154.47
PM-20260615-AP,15/06/2026,OLIVE & EMBER AIRPORT,PORK SAUSAGE,10.9,kg,12.64,137.78
PM-20260615-AP,15/06/2026,OLIVE & EMBER AIRPORT,LAMB SHOULDER,2.8,kg,22.25,62.3
PM-20260618-AP,18/06/2026,OLIVE & EMBER AIRPORT,BEEF MINCE,28.5,kg,23.39,666.62
PM-20260618-AP,18/06/2026,OLIVE & EMBER AIRPORT,RIBEYE STEAK,7.8,kg,48.69,379.78
PM-20260618-AP,18/06/2026,OLIVE & EMBER AIRPORT,CHICKEN BREAST,5.6,kg,13.33,74.65
PM-20260618-AP,18/06/2026,OLIVE & EMBER AIRPORT,PORK SAUSAGE,8.4,kg,12.81,107.6
PM-20260618-AP,18/06/2026,OLIVE & EMBER AIRPORT,LAMB SHOULDER,2.7,kg,22.28,60.16
PM-20260622-AP,22/06/2026,OLIVE & EMBER AIRPORT,BEEF MINCE,28.1,kg,23.02,646.86
PM-20260622-AP,22/06/2026,OLIVE & EMBER AIRPORT,RIBEYE STEAK,3.8,kg,48.74,185.21
PM-20260622-AP,22/06/2026,OLIVE & EMBER AIRPORT,CHICKEN BREAST,10.6,kg,13.36,141.62
PM-20260622-AP,22/06/2026,OLIVE & EMBER AIRPORT,PORK SAUSAGE,11,kg,12.81,140.91
PM-20260622-AP,22/06/2026,OLIVE & EMBER AIRPORT,LAMB SHOULDER,3,kg,22.24,66.72
PM-20260625-AP,25/06/2026,OLIVE & EMBER AIRPORT,BEEF MINCE,27,kg,23.13,624.51
PM-20260625-AP,25/06/2026,OLIVE & EMBER AIRPORT,RIBEYE STEAK,5,kg,48.34,241.7
PM-20260625-AP,25/06/2026,OLIVE & EMBER AIRPORT,CHICKEN BREAST,7.6,kg,13.65,103.74
PM-20260625-AP,25/06/2026,OLIVE & EMBER AIRPORT,PORK SAUSAGE,7.5,kg,12.93,96.98
PM-20260625-AP,25/06/2026,OLIVE & EMBER AIRPORT,LAMB SHOULDER,5.9,kg,21.88,129.09
PM-20260629-AP,29/06/2026,OLIVE & EMBER AIRPORT,BEEF MINCE,40.1,kg,23.62,947.16
PM-20260629-AP,29/06/2026,OLIVE & EMBER AIRPORT,RIBEYE STEAK,2.1,kg,47.82,100.42
PM-20260629-AP,29/06/2026,OLIVE & EMBER AIRPORT,CHICKEN BREAST,15.9,kg,13.55,215.45
PM-20260629-AP,29/06/2026,OLIVE & EMBER AIRPORT,PORK SAUSAGE,13.9,kg,12.84,178.48
PM-20260629-AP,29/06/2026,OLIVE & EMBER AIRPORT,LAMB SHOULDER,1.7,kg,22.02,37.43
