Month,Restaurant,Cost Type,Amount
2025-01,Olive & Ember Downtown,Rent,16000
2025-01,Olive & Ember Downtown,Utilities,3646.6
2025-01,Olive & Ember Downtown,Marketing,1500
2025-01,Olive & Ember Downtown,Maintenance,462.38
2025-02,Olive & Ember Downtown,Rent,16000
2025-02,Olive & Ember Downtown,Utilities,3631.74
2025-02,Olive & Ember Downtown,Marketing,1500
2025-02,Olive & Ember Downtown,Maintenance,348.98
2025-03,Olive & Ember Downtown,Rent,16000
2025-03,Olive & Ember Downtown,Utilities,3214.17
2025-03,Olive & Ember Downtown,Marketing,1500
2025-03,Olive & Ember Downtown,Maintenance,614.9
2025-04,Olive & Ember Downtown,Rent,16000
2025-04,Olive & Ember Downtown,Utilities,3017.05
2025-04,Olive & Ember Downtown,Marketing,1500
2025-04,Olive & Ember Downtown,Maintenance,869.73
2025-05,Olive & Ember Downtown,Rent,16000
2025-05,Olive & Ember Downtown,Utilities,3007.37
2025-05,Olive & Ember Downtown,Marketing,1500
2025-05,Olive & Ember Downtown,Maintenance,522.88
2025-06,Olive & Ember Downtown,Rent,16000
2025-06,Olive & Ember Downtown,Utilities,3547.77
2025-06,Olive & Ember Downtown,Marketing,1500
2025-06,Olive & Ember Downtown,Maintenance,466.78
2025-07,Olive & Ember Downtown,Rent,16000
2025-07,Olive & Ember Downtown,Utilities,3684.41
2025-07,Olive & Ember Downtown,Marketing,1500
2025-07,Olive & Ember Downtown,Maintenance,383.54
2025-08,Olive & Ember Downtown,Rent,16000
2025-08,Olive & Ember Downtown,Utilities,3672.67
2025-08,Olive & Ember Downtown,Marketing,1500
2025-08,Olive & Ember Downtown,Maintenance,557.54
2025-09,Olive & Ember Downtown,Rent,16000
2025-09,Olive & Ember Downtown,Utilities,3291.34
2025-09,Olive & Ember Downtown,Marketing,1500
2025-09,Olive & Ember Downtown,Maintenance,799.33
2025-10,Olive & Ember Downtown,Rent,16000
2025-10,Olive & Ember Downtown,Utilities,3117.35
2025-10,Olive & Ember Downtown,Marketing,1500
2025-10,Olive & Ember Downtown,Maintenance,777.91
2025-11,Olive & Ember Downtown,Rent,16000
2025-11,Olive & Ember Downtown,Utilities,3271.04
2025-11,Olive & Ember Downtown,Marketing,1500
2025-11,Olive & Ember Downtown,Maintenance,485.37
2025-12,Olive & Ember Downtown,Rent,16000
2025-12,Olive & Ember Downtown,Utilities,3651.94
2025-12,Olive & Ember Downtown,Marketing,1500
2025-12,Olive & Ember Downtown,Maintenance,348.59
2026-01,Olive & Ember Downtown,Rent,16000
2026-01,Olive & Ember Downtown,Utilities,3738.91
2026-01,Olive & Ember Downtown,Marketing,1500
2026-01,Olive & Ember Downtown,Maintenance,510.94
2026-02,Olive & Ember Downtown,Rent,16000
2026-02,Olive & Ember Downtown,Utilities,3674.79
2026-02,Olive & Ember Downtown,Marketing,1500
2026-02,Olive & Ember Downtown,Maintenance,771.29
2026-03,Olive & Ember Downtown,Rent,16000
2026-03,Olive & Ember Downtown,Utilities,3280.59
2026-03,Olive & Ember Downtown,Marketing,1500
2026-03,Olive & Ember Downtown,Maintenance,570.22
2026-04,Olive & Ember Downtown,Rent,16000
2026-04,Olive & Ember Downtown,Utilities,3098.36
2026-04,Olive & Ember Downtown,Marketing,1500
2026-04,Olive & Ember Downtown,Maintenance,502.51
2026-05,Olive & Ember Downtown,Rent,16000
2026-05,Olive & Ember Downtown,Utilities,2972.7
2026-05,Olive & Ember Downtown,Marketing,1500
2026-05,Olive & Ember Downtown,Maintenance,515.49
2026-06,Olive & Ember Downtown,Rent,16000
2026-06,Olive & Ember Downtown,Utilities,3416.13
2026-06,Olive & Ember Downtown,Marketing,1500
2026-06,Olive & Ember Downtown,Maintenance,828.82
2026-07,Olive & Ember Downtown,Rent,16000
2026-07,Olive & Ember Downtown,Utilities,3739.31
2026-07,Olive & Ember Downtown,Marketing,1500
2026-07,Olive & Ember Downtown,Maintenance,832.85
2026-08,Olive & Ember Downtown,Rent,16000
2026-08,Olive & Ember Downtown,Utilities,3729.35
2026-08,Olive & Ember Downtown,Marketing,1500
2026-08,Olive & Ember Downtown,Maintenance,394.12
2025-01,Olive & Ember Riverside,Rent,11000
2025-01,Olive & Ember Riverside,Utilities,2739.48
2025-01,Olive & Ember Riverside,Marketing,1500
2025-01,Olive & Ember Riverside,Maintenance,875.74
2025-02,Olive & Ember Riverside,Rent,11000
2025-02,Olive & Ember Riverside,Utilities,2701.15
2025-02,Olive & Ember Riverside,Marketing,1500
2025-02,Olive & Ember Riverside,Maintenance,471.75
2025-03,Olive & Ember Riverside,Rent,11000
2025-03,Olive & Ember Riverside,Utilities,2413.47
2025-03,Olive & Ember Riverside,Marketing,1500
2025-03,Olive & Ember Riverside,Maintenance,432.7
2025-04,Olive & Ember Riverside,Rent,11000
2025-04,Olive & Ember Riverside,Utilities,2236.4
2025-04,Olive & Ember Riverside,Marketing,1500
2025-04,Olive & Ember Riverside,Maintenance,390.46
2025-05,Olive & Ember Riverside,Rent,11000
2025-05,Olive & Ember Riverside,Utilities,2218.38
2025-05,Olive & Ember Riverside,Marketing,1500
2025-05,Olive & Ember Riverside,Maintenance,585.98
2025-06,Olive & Ember Riverside,Rent,11000
2025-06,Olive & Ember Riverside,Utilities,2635.16
2025-06,Olive & Ember Riverside,Marketing,1500
2025-06,Olive & Ember Riverside,Maintenance,405.64
2025-07,Olive & Ember Riverside,Rent,11000
2025-07,Olive & Ember Riverside,Utilities,2834.7
2025-07,Olive & Ember Riverside,Marketing,1500
2025-07,Olive & Ember Riverside,Maintenance,348.65
2025-08,Olive & Ember Riverside,Rent,11000
2025-08,Olive & Ember Riverside,Utilities,2787.49
2025-08,Olive & Ember Riverside,Marketing,1500
2025-08,Olive & Ember Riverside,Maintenance,353.36
2025-09,Olive & Ember Riverside,Rent,11000
2025-09,Olive & Ember Riverside,Utilities,2453.54
2025-09,Olive & Ember Riverside,Marketing,1500
2025-09,Olive & Ember Riverside,Maintenance,860.11
2025-10,Olive & Ember Riverside,Rent,11000
2025-10,Olive & Ember Riverside,Utilities,2233.93
2025-10,Olive & Ember Riverside,Marketing,1500
2025-10,Olive & Ember Riverside,Maintenance,728.93
2025-11,Olive & Ember Riverside,Rent,11000
2025-11,Olive & Ember Riverside,Utilities,2570.72
2025-11,Olive & Ember Riverside,Marketing,1500
2025-11,Olive & Ember Riverside,Maintenance,782.27
2025-12,Olive & Ember Riverside,Rent,11000
2025-12,Olive & Ember Riverside,Utilities,2788.15
2025-12,Olive & Ember Riverside,Marketing,1500
2025-12,Olive & Ember Riverside,Maintenance,352.32
2026-01,Olive & Ember Riverside,Rent,11000
2026-01,Olive & Ember Riverside,Utilities,2785.15
2026-01,Olive & Ember Riverside,Marketing,1500
2026-01,Olive & Ember Riverside,Maintenance,483.39
2026-02,Olive & Ember Riverside,Rent,11000
2026-02,Olive & Ember Riverside,Utilities,2631.67
2026-02,Olive & Ember Riverside,Marketing,1500
2026-02,Olive & Ember Riverside,Maintenance,406.28
2026-03,Olive & Ember Riverside,Rent,11000
2026-03,Olive & Ember Riverside,Utilities,2422.23
2026-03,Olive & Ember Riverside,Marketing,1500
2026-03,Olive & Ember Riverside,Maintenance,747.22
2026-04,Olive & Ember Riverside,Rent,11000
2026-04,Olive & Ember Riverside,Utilities,2331.58
2026-04,Olive & Ember Riverside,Marketing,1500
2026-04,Olive & Ember Riverside,Maintenance,562.46
2026-05,Olive & Ember Riverside,Rent,11000
2026-05,Olive & Ember Riverside,Utilities,2238.08
2026-05,Olive & Ember Riverside,Marketing,1500
2026-05,Olive & Ember Riverside,Maintenance,864.21
2026-06,Olive & Ember Riverside,Rent,11000
2026-06,Olive & Ember Riverside,Utilities,2686.04
2026-06,Olive & Ember Riverside,Marketing,4000
2026-06,Olive & Ember Riverside,Maintenance,830.53
2026-07,Olive & Ember Riverside,Rent,11000
2026-07,Olive & Ember Riverside,Utilities,2811.47
2026-07,Olive & Ember Riverside,Marketing,1500
2026-07,Olive & Ember Riverside,Maintenance,689.33
2026-08,Olive & Ember Riverside,Rent,11000
2026-08,Olive & Ember Riverside,Utilities,2908.39
2026-08,Olive & Ember Riverside,Marketing,1500
2026-08,Olive & Ember Riverside,Maintenance,460.96
2025-01,Olive & Ember Airport,Rent,16503.98
2025-01,Olive & Ember Airport,Utilities,2412.96
2025-01,Olive & Ember Airport,Marketing,1500
2025-01,Olive & Ember Airport,Maintenance,606.07
2025-02,Olive & Ember Airport,Rent,15416.21
2025-02,Olive & Ember Airport,Utilities,2346.35
2025-02,Olive & Ember Airport,Marketing,1500
2025-02,Olive & Ember Airport,Maintenance,777.4
2025-03,Olive & Ember Airport,Rent,16589.71
2025-03,Olive & Ember Airport,Utilities,2042.76
2025-03,Olive & Ember Airport,Marketing,1500
2025-03,Olive & Ember Airport,Maintenance,445.86
2025-04,Olive & Ember Airport,Rent,16521.29
2025-04,Olive & Ember Airport,Utilities,1965.17
2025-04,Olive & Ember Airport,Marketing,1500
2025-04,Olive & Ember Airport,Maintenance,439.68
2025-05,Olive & Ember Airport,Rent,16939.7
2025-05,Olive & Ember Airport,Utilities,1950.7
2025-05,Olive & Ember Airport,Marketing,1500
2025-05,Olive & Ember Airport,Maintenance,616
2025-06,Olive & Ember Airport,Rent,17456.78
2025-06,Olive & Ember Airport,Utilities,2373.92
2025-06,Olive & Ember Airport,Marketing,1500
2025-06,Olive & Ember Airport,Maintenance,400.53
2025-07,Olive & Ember Airport,Rent,18562.71
2025-07,Olive & Ember Airport,Utilities,2468
2025-07,Olive & Ember Airport,Marketing,1500
2025-07,Olive & Ember Airport,Maintenance,410.26
2025-08,Olive & Ember Airport,Rent,18227.16
2025-08,Olive & Ember Airport,Utilities,2449.53
2025-08,Olive & Ember Airport,Marketing,1500
2025-08,Olive & Ember Airport,Maintenance,684.16
2025-09,Olive & Ember Airport,Rent,16432.68
2025-09,Olive & Ember Airport,Utilities,2146.21
2025-09,Olive & Ember Airport,Marketing,1500
2025-09,Olive & Ember Airport,Maintenance,796.41
2025-10,Olive & Ember Airport,Rent,16929.93
2025-10,Olive & Ember Airport,Utilities,1994.43
2025-10,Olive & Ember Airport,Marketing,1500
2025-10,Olive & Ember Airport,Maintenance,787.29
2025-11,Olive & Ember Airport,Rent,16415.89
2025-11,Olive & Ember Airport,Utilities,2162.12
2025-11,Olive & Ember Airport,Marketing,1500
2025-11,Olive & Ember Airport,Maintenance,478.49
2025-12,Olive & Ember Airport,Rent,17612.12
2025-12,Olive & Ember Airport,Utilities,2366.62
2025-12,Olive & Ember Airport,Marketing,1500
2025-12,Olive & Ember Airport,Maintenance,332.04
2026-01,Olive & Ember Airport,Rent,17375.25
2026-01,Olive & Ember Airport,Utilities,2390.19
2026-01,Olive & Ember Airport,Marketing,1500
2026-01,Olive & Ember Airport,Maintenance,454.07
2026-02,Olive & Ember Airport,Rent,16399.38
2026-02,Olive & Ember Airport,Utilities,2296.72
2026-02,Olive & Ember Airport,Marketing,1500
2026-02,Olive & Ember Airport,Maintenance,382.43
2026-03,Olive & Ember Airport,Rent,17718.93
2026-03,Olive & Ember Airport,Utilities,2144.07
2026-03,Olive & Ember Airport,Marketing,1500
2026-03,Olive & Ember Airport,Maintenance,432.21
2026-04,Olive & Ember Airport,Rent,17464.58
2026-04,Olive & Ember Airport,Utilities,1991.29
2026-04,Olive & Ember Airport,Marketing,1500
2026-04,Olive & Ember Airport,Maintenance,767.76
2026-05,Olive & Ember Airport,Rent,18164.56
2026-05,Olive & Ember Airport,Utilities,2030.05
2026-05,Olive & Ember Airport,Marketing,1500
2026-05,Olive & Ember Airport,Maintenance,480.98
2026-06,Olive & Ember Airport,Rent,18240.25
2026-06,Olive & Ember Airport,Utilities,2355.9
2026-06,Olive & Ember Airport,Marketing,1500
2026-06,Olive & Ember Airport,Maintenance,554.76
2026-07,Olive & Ember Airport,Rent,19464.74
2026-07,Olive & Ember Airport,Utilities,2483.51
2026-07,Olive & Ember Airport,Marketing,1500
2026-07,Olive & Ember Airport,Maintenance,6800
2026-08,Olive & Ember Airport,Rent,19169.34
2026-08,Olive & Ember Airport,Utilities,2522.75
2026-08,Olive & Ember Airport,Marketing,1500
2026-08,Olive & Ember Airport,Maintenance,846.88
