Date,StoreCode,Category,Transactions,Units,GrossSales,DiscountAmount,NetSales
2026-06-01,E01,Tents,1,1,599.00,0.00,599.00
2026-06-01,N01,Cooking,1,1,45.00,0.00,45.00
2026-06-01,S01,Cooking,1,2,90.00,9.00,81.00
2026-06-01,S01,Footwear,1,1,79.00,0.00,79.00
2026-06-01,S01,Sleeping Gear,1,1,89.00,0.00,89.00
2026-06-01,W01,Accessories,1,1,49.00,0.00,49.00
2026-06-01,W01,Backpacks,1,2,158.00,0.00,158.00
2026-06-01,W02,Apparel,1,1,229.00,0.00,229.00
2026-06-02,E01,Backpacks,1,1,69.00,0.00,69.00
2026-06-02,E01,Cooking,1,3,387.00,0.00,387.00
2026-06-02,E01,Footwear,1,1,34.30,0.00,34.30
2026-06-02,E01,Sleeping Gear,1,1,24.00,0.00,24.00
2026-06-02,N01,Accessories,1,3,105.00,0.00,105.00
2026-06-02,N01,Apparel,4,5,635.00,7.90,627.10
2026-06-02,N01,Cooking,1,1,49.00,0.00,49.00
2026-06-02,N01,Footwear,1,1,34.30,0.00,34.30
2026-06-02,N01,Tents,1,1,449.00,0.00,449.00
2026-06-02,S01,Accessories,2,5,223.00,0.00,223.00
2026-06-02,S01,Tents,1,1,449.00,0.00,449.00
2026-06-02,W01,Footwear,1,1,34.30,0.00,34.30
2026-06-02,W01,Tents,1,1,599.00,0.00,599.00
2026-06-02,W02,Accessories,1,1,59.00,0.00,59.00
2026-06-03,E01,Accessories,2,2,148.00,0.00,148.00
2026-06-03,E01,Tents,1,1,189.00,0.00,189.00
2026-06-03,N01,Accessories,1,2,58.00,0.00,58.00
2026-06-03,N01,Apparel,2,3,247.00,35.60,211.40
2026-06-03,N01,Backpacks,1,2,518.00,0.00,518.00
2026-06-03,N01,Cooking,1,1,49.00,0.00,49.00
2026-06-03,N01,Footwear,2,3,387.00,8.85,378.15
2026-06-03,N01,Tents,2,2,578.00,103.15,474.85
2026-06-03,S01,Apparel,2,2,218.00,0.00,218.00
2026-06-03,S01,Cooking,1,1,129.00,0.00,129.00
2026-06-03,S01,Footwear,3,5,370.30,0.00,370.30
2026-06-03,S01,Sleeping Gear,1,2,178.00,0.00,178.00
2026-06-03,S01,Tents,1,1,119.00,0.00,119.00
2026-06-03,W01,Accessories,1,1,35.00,0.00,35.00
2026-06-03,W01,Footwear,1,2,498.00,74.70,423.30
2026-06-03,W02,Footwear,1,2,158.00,0.00,158.00
2026-06-04,E01,Accessories,1,1,59.00,0.00,59.00
2026-06-04,N01,Backpacks,2,2,68.00,5.80,62.20
2026-06-04,N01,Footwear,1,1,34.30,0.00,34.30
2026-06-04,N01,Sleeping Gear,1,1,89.00,0.00,89.00
2026-06-04,N01,Tents,1,1,249.00,0.00,249.00
2026-06-04,S01,Accessories,2,2,128.00,0.00,128.00
2026-06-04,S01,Cooking,1,2,118.00,0.00,118.00
2026-06-04,S01,Footwear,2,3,147.60,0.00,147.60
2026-06-04,S01,Tents,1,1,449.00,0.00,449.00
2026-06-04,W01,Apparel,1,2,138.00,0.00,138.00
2026-06-04,W01,Backpacks,1,1,29.00,0.00,29.00
2026-06-04,W01,Cooking,1,1,25.00,0.00,25.00
2026-06-04,W01,Footwear,2,2,68.60,0.00,68.60
2026-06-04,W01,Tents,2,2,468.00,20.85,447.15
2026-06-04,W02,Accessories,1,3,87.00,0.00,87.00
2026-06-04,W02,Sleeping Gear,1,1,24.00,0.00,24.00
2026-06-05,E01,Accessories,1,2,118.00,0.00,118.00
2026-06-05,E01,Apparel,1,1,24.00,0.00,24.00
2026-06-05,E01,Backpacks,1,1,39.00,5.85,33.15
2026-06-05,E01,Footwear,1,1,34.30,0.00,34.30
2026-06-05,E01,Sleeping Gear,2,3,82.00,0.00,82.00
2026-06-05,E01,Tents,1,3,747.00,0.00,747.00
2026-06-05,N01,Accessories,1,1,49.00,0.00,49.00
2026-06-05,N01,Backpacks,1,1,259.00,0.00,259.00
2026-06-05,N01,Footwear,2,2,93.30,0.00,93.30
2026-06-05,N01,Sleeping Gear,2,2,438.00,0.00,438.00
2026-06-05,N01,Tents,4,4,1046.00,0.00,1046.00
2026-06-05,S01,Accessories,3,6,314.00,0.00,314.00
2026-06-05,S01,Apparel,2,2,168.00,0.00,168.00
2026-06-05,S01,Backpacks,2,3,207.00,9.90,197.10
2026-06-05,S01,Tents,1,1,249.00,24.90,224.10
2026-06-05,W01,Accessories,1,1,69.00,0.00,69.00
2026-06-05,W01,Cooking,1,1,45.00,0.00,45.00
2026-06-05,W01,Sleeping Gear,2,4,201.00,0.00,201.00
2026-06-05,W01,Tents,1,1,189.00,0.00,189.00
2026-06-05,W02,Cooking,1,1,49.00,9.80,39.20
2026-06-05,W02,Footwear,1,1,159.00,0.00,159.00
2026-06-05,W02,Sleeping Gear,1,1,89.00,0.00,89.00
2026-06-06,E01,Apparel,1,1,49.00,4.90,44.10
2026-06-06,E01,Cooking,1,1,25.00,2.50,22.50
2026-06-06,E01,Footwear,2,2,68.60,0.00,68.60
2026-06-06,E01,Tents,2,3,357.00,11.90,345.10
2026-06-06,N01,Accessories,1,1,79.00,0.00,79.00
2026-06-06,N01,Apparel,1,1,69.00,10.35,58.65
2026-06-06,N01,Footwear,1,1,79.00,11.85,67.15
2026-06-06,N01,Sleeping Gear,1,1,59.00,8.85,50.15
2026-06-06,N01,Tents,1,1,249.00,37.35,211.65
2026-06-06,S01,Apparel,1,1,79.00,7.90,71.10
2026-06-06,W02,Accessories,1,1,35.00,0.00,35.00
2026-06-06,W02,Backpacks,1,1,79.00,0.00,79.00
2026-06-06,W02,Sleeping Gear,2,2,358.00,17.90,340.10
2026-06-07,E01,Backpacks,1,1,79.00,0.00,79.00
2026-06-07,N01,Cooking,1,3,115.00,3.75,111.25
2026-06-07,S01,Footwear,3,4,161.90,0.00,161.90
2026-06-07,W01,Tents,1,1,189.00,0.00,189.00
2026-06-08,E01,Apparel,1,1,69.00,13.80,55.20
2026-06-08,E01,Backpacks,1,1,129.00,0.00,129.00
2026-06-08,E01,Footwear,2,3,352.30,47.70,304.60
2026-06-08,E01,Tents,1,1,139.00,0.00,139.00
2026-06-08,N01,Apparel,1,1,49.00,0.00,49.00
2026-06-08,N01,Backpacks,1,1,29.00,4.35,24.65
2026-06-08,N01,Cooking,1,1,159.00,23.85,135.15
2026-06-08,N01,Footwear,4,5,605.60,23.85,581.75
2026-06-08,N01,Sleeping Gear,2,5,560.00,35.70,524.30
2026-06-08,W01,Apparel,1,2,78.00,0.00,78.00
2026-06-08,W02,Footwear,1,1,34.30,0.00,34.30
2026-06-09,E01,Backpacks,1,1,29.00,0.00,29.00
2026-06-09,E01,Footwear,1,1,34.30,0.00,34.30
2026-06-09,E01,Sleeping Gear,2,2,68.00,5.10,62.90
2026-06-09,E01,Tents,1,1,189.00,0.00,189.00
2026-06-09,N01,Footwear,1,1,159.00,0.00,159.00
2026-06-09,S01,Accessories,2,2,98.00,7.35,90.65
2026-06-09,S01,Backpacks,1,1,99.00,0.00,99.00
2026-06-09,S01,Cooking,1,1,49.00,4.90,44.10
2026-06-09,W01,Sleeping Gear,1,1,179.00,0.00,179.00
2026-06-09,W02,Apparel,1,1,89.00,0.00,89.00
2026-06-09,W02,Footwear,1,1,34.30,0.00,34.30
2026-06-09,W02,Sleeping Gear,1,2,48.00,0.00,48.00
2026-06-10,N01,Accessories,1,1,35.00,0.00,35.00
2026-06-10,N01,Apparel,2,3,227.00,0.00,227.00
2026-06-10,N01,Footwear,3,3,337.00,0.00,337.00
2026-06-10,N01,Tents,3,3,1087.00,63.80,1023.20
2026-06-10,S01,Accessories,1,1,29.00,0.00,29.00
2026-06-10,S01,Apparel,1,1,39.00,0.00,39.00
2026-06-10,S01,Footwear,3,3,252.30,20.85,231.45
2026-06-10,S01,Sleeping Gear,1,1,24.00,0.00,24.00
2026-06-10,W01,Cooking,1,1,89.00,8.90,80.10
2026-06-10,W01,Footwear,1,3,102.90,0.00,102.90
2026-06-10,W02,Apparel,1,1,89.00,0.00,89.00
2026-06-10,W02,Cooking,1,1,45.00,0.00,45.00
2026-06-10,W02,Footwear,1,1,79.00,0.00,79.00
2026-06-11,E01,Accessories,1,1,69.00,0.00,69.00
2026-06-11,E01,Apparel,1,1,79.00,11.85,67.15
2026-06-11,E01,Backpacks,1,1,29.00,4.35,24.65
2026-06-11,E01,Footwear,2,4,396.00,0.00,396.00
2026-06-11,E01,Tents,1,1,279.00,0.00,279.00
2026-06-11,N01,Apparel,1,3,147.00,29.40,117.60
2026-06-11,N01,Tents,2,3,987.00,169.60,817.40
2026-06-11,S01,Accessories,1,1,39.00,0.00,39.00
2026-06-11,S01,Apparel,1,1,89.00,0.00,89.00
2026-06-11,S01,Backpacks,1,1,29.00,0.00,29.00
2026-06-11,S01,Cooking,1,2,50.00,0.00,50.00
2026-06-11,S01,Footwear,2,2,328.00,0.00,328.00
2026-06-11,W02,Accessories,1,1,29.00,2.90,26.10
2026-06-11,W02,Footwear,1,1,219.00,21.90,197.10
2026-06-11,W02,Tents,1,1,249.00,0.00,249.00
2026-06-12,E01,Cooking,1,1,49.00,0.00,49.00
2026-06-12,E01,Footwear,1,1,189.00,28.35,160.65
2026-06-12,E01,Sleeping Gear,2,2,113.00,3.60,109.40
2026-06-12,N01,Apparel,1,1,49.00,0.00,49.00
2026-06-12,N01,Backpacks,1,1,29.00,4.35,24.65
2026-06-12,N01,Cooking,2,2,154.00,21.85,132.15
2026-06-12,N01,Sleeping Gear,2,2,213.00,26.85,186.15
2026-06-12,N01,Tents,1,1,599.00,89.85,509.15
2026-06-12,S01,Sleeping Gear,1,1,119.00,0.00,119.00
2026-06-12,W01,Cooking,1,1,45.00,0.00,45.00
2026-06-12,W01,Footwear,1,1,79.00,0.00,79.00
2026-06-12,W01,Sleeping Gear,1,1,59.00,0.00,59.00
2026-06-12,W02,Apparel,1,1,29.00,4.35,24.65
2026-06-12,W02,Backpacks,1,1,39.00,5.85,33.15
2026-06-13,E01,Accessories,1,1,39.00,0.00,39.00
2026-06-13,E01,Footwear,1,1,34.30,0.00,34.30
2026-06-13,N01,Accessories,1,1,29.00,0.00,29.00
2026-06-13,N01,Cooking,2,3,303.00,0.00,303.00
2026-06-13,N01,Footwear,2,2,268.00,0.00,268.00
2026-06-13,N01,Sleeping Gear,1,1,59.00,0.00,59.00
2026-06-13,W01,Tents,1,1,119.00,17.85,101.15
2026-06-13,W02,Apparel,1,3,227.00,4.90,222.10
2026-06-13,W02,Footwear,1,2,68.60,0.00,68.60
2026-06-13,W02,Sleeping Gear,1,1,129.00,0.00,129.00
2026-06-14,E01,Apparel,1,3,87.00,8.70,78.30
2026-06-14,E01,Cooking,2,3,157.00,11.80,145.20
2026-06-14,E01,Footwear,1,3,317.00,15.80,301.20
2026-06-14,E01,Sleeping Gear,1,1,349.00,0.00,349.00
2026-06-14,N01,Cooking,3,5,279.00,0.00,279.00
2026-06-14,N01,Sleeping Gear,1,1,59.00,0.00,59.00
2026-06-14,N01,Tents,1,2,578.00,0.00,578.00
2026-06-14,W01,Backpacks,1,1,39.00,0.00,39.00
2026-06-14,W01,Cooking,1,1,89.00,0.00,89.00
2026-06-14,W01,Sleeping Gear,1,2,48.00,0.00,48.00
2026-06-14,W02,Accessories,1,1,79.00,0.00,79.00
2026-06-15,E01,Footwear,2,2,118.00,11.80,106.20
2026-06-15,N01,Apparel,1,1,49.00,7.35,41.65
2026-06-15,N01,Cooking,1,1,45.00,6.75,38.25
2026-06-15,S01,Accessories,1,1,89.00,0.00,89.00
2026-06-15,S01,Apparel,1,1,39.00,3.90,35.10
2026-06-15,S01,Backpacks,1,2,138.00,0.00,138.00
2026-06-15,S01,Footwear,1,1,34.30,0.00,34.30
2026-06-15,S01,Sleeping Gear,1,1,24.00,0.00,24.00
2026-06-15,S01,Tents,1,1,329.00,0.00,329.00
2026-06-15,W01,Apparel,1,1,169.00,0.00,169.00
2026-06-15,W02,Apparel,1,1,229.00,0.00,229.00
2026-06-15,W02,Cooking,1,1,89.00,13.35,75.65
2026-06-15,W02,Footwear,2,2,113.30,0.00,113.30
2026-06-16,N01,Apparel,1,2,58.00,0.00,58.00
2026-06-16,N01,Tents,1,1,599.00,0.00,599.00
2026-06-16,S01,Accessories,1,1,49.00,0.00,49.00
2026-06-16,S01,Cooking,1,1,129.00,0.00,129.00
2026-06-16,S01,Footwear,2,5,300.90,8.85,292.05
2026-06-16,S01,Tents,1,1,189.00,28.35,160.65
2026-06-16,W02,Backpacks,2,2,128.00,0.00,128.00
2026-06-16,W02,Cooking,1,1,49.00,0.00,49.00
2026-06-17,E01,Footwear,2,3,362.30,0.00,362.30
2026-06-17,E01,Sleeping Gear,1,1,59.00,0.00,59.00
2026-06-17,N01,Apparel,1,1,49.00,0.00,49.00
2026-06-17,N01,Sleeping Gear,1,2,153.00,11.90,141.10
2026-06-17,N01,Tents,1,1,329.00,49.35,279.65
2026-06-17,S01,Accessories,1,1,79.00,0.00,79.00
2026-06-17,S01,Apparel,2,2,48.00,0.00,48.00
2026-06-17,S01,Backpacks,1,3,87.00,0.00,87.00
2026-06-17,S01,Footwear,2,4,396.00,0.00,396.00
2026-06-17,S01,Tents,2,2,238.00,0.00,238.00
2026-06-18,E01,Accessories,3,3,153.00,6.90,146.10
2026-06-18,E01,Apparel,1,3,127.00,0.00,127.00
2026-06-18,E01,Backpacks,1,1,259.00,0.00,259.00
2026-06-18,E01,Cooking,1,1,59.00,5.90,53.10
2026-06-18,E01,Tents,1,2,1198.00,0.00,1198.00
2026-06-18,N01,Footwear,1,1,34.30,0.00,34.30
2026-06-18,N01,Sleeping Gear,1,2,68.00,10.20,57.80
2026-06-18,W01,Accessories,1,2,78.00,7.80,70.20
2026-06-18,W01,Sleeping Gear,3,3,222.00,0.00,222.00
2026-06-18,W01,Tents,1,1,139.00,0.00,139.00
2026-06-19,E01,Apparel,1,1,24.00,0.00,24.00
2026-06-19,E01,Backpacks,1,1,259.00,0.00,259.00
2026-06-19,E01,Footwear,2,3,317.60,0.00,317.60
2026-06-19,N01,Apparel,1,1,229.00,22.90,206.10
2026-06-19,N01,Backpacks,2,2,168.00,0.00,168.00
2026-06-19,N01,Sleeping Gear,1,1,89.00,0.00,89.00
2026-06-19,N01,Tents,1,1,189.00,0.00,189.00
2026-06-19,S01,Backpacks,1,1,29.00,4.35,24.65
2026-06-19,S01,Sleeping Gear,1,1,59.00,0.00,59.00
2026-06-19,W01,Accessories,1,2,158.00,23.70,134.30
2026-06-19,W01,Footwear,1,2,118.00,0.00,118.00
2026-06-19,W02,Apparel,1,1,169.00,0.00,169.00
2026-06-19,W02,Backpacks,1,3,237.00,0.00,237.00
2026-06-20,E01,Apparel,1,1,49.00,7.35,41.65
2026-06-20,N01,Accessories,1,2,68.00,0.00,68.00
2026-06-20,S01,Accessories,2,2,74.00,5.85,68.15
2026-06-20,S01,Apparel,2,2,118.00,7.35,110.65
2026-06-20,S01,Backpacks,2,2,118.00,17.70,100.30
2026-06-20,S01,Cooking,2,2,144.00,14.85,129.15
2026-06-20,S01,Footwear,1,1,34.30,0.00,34.30
2026-06-20,S01,Sleeping Gear,2,3,397.00,0.00,397.00
2026-06-20,W01,Accessories,2,2,88.00,0.00,88.00
2026-06-20,W01,Backpacks,1,1,69.00,0.00,69.00
2026-06-20,W01,Footwear,1,1,34.30,0.00,34.30
2026-06-20,W01,Sleeping Gear,2,3,152.00,11.80,140.20
2026-06-20,W01,Tents,2,2,658.00,0.00,658.00
2026-06-20,W02,Apparel,1,4,711.00,106.65,604.35
2026-06-20,W02,Cooking,1,1,45.00,0.00,45.00
2026-06-20,W02,Footwear,1,1,139.00,20.85,118.15
2026-06-21,E01,Sleeping Gear,1,1,129.00,0.00,129.00
2026-06-21,N01,Accessories,1,1,39.00,5.85,33.15
2026-06-21,N01,Apparel,1,1,229.00,34.35,194.65
2026-06-21,N01,Backpacks,1,1,79.00,0.00,79.00
2026-06-21,N01,Cooking,1,1,59.00,0.00,59.00
2026-06-21,N01,Footwear,1,2,248.00,37.20,210.80
2026-06-21,S01,Cooking,1,1,89.00,0.00,89.00
2026-06-21,S01,Footwear,1,1,139.00,20.85,118.15
2026-06-21,S01,Tents,1,1,449.00,44.90,404.10
2026-06-22,E01,Accessories,1,1,29.00,0.00,29.00
2026-06-22,E01,Backpacks,1,1,99.00,0.00,99.00
2026-06-22,N01,Accessories,2,3,207.00,20.70,186.30
2026-06-22,N01,Apparel,1,1,169.00,25.35,143.65
2026-06-22,N01,Backpacks,2,2,168.00,19.35,148.65
2026-06-22,N01,Cooking,3,3,187.00,23.60,163.40
2026-06-22,N01,Footwear,2,2,173.30,13.90,159.40
2026-06-22,N01,Sleeping Gear,1,3,167.00,0.00,167.00
2026-06-22,N01,Tents,1,1,329.00,0.00,329.00
2026-06-22,S01,Apparel,1,4,406.00,0.00,406.00
2026-06-22,S01,Backpacks,1,1,29.00,2.90,26.10
2026-06-22,S01,Tents,1,1,599.00,0.00,599.00
2026-06-22,W01,Footwear,1,1,59.00,0.00,59.00
2026-06-22,W02,Sleeping Gear,1,1,34.00,0.00,34.00
2026-06-22,W02,Tents,1,1,449.00,0.00,449.00
2026-06-23,E01,Accessories,1,2,70.00,7.00,63.00
2026-06-23,E01,Cooking,1,1,49.00,0.00,49.00
2026-06-23,E01,Footwear,1,2,113.30,7.90,105.40
2026-06-23,E01,Sleeping Gear,1,1,119.00,0.00,119.00
2026-06-23,E01,Tents,1,2,378.00,0.00,378.00
2026-06-23,N01,Cooking,1,1,129.00,0.00,129.00
2026-06-23,N01,Footwear,1,2,318.00,47.70,270.30
2026-06-23,N01,Tents,1,1,119.00,11.90,107.10
2026-06-23,S01,Accessories,1,1,69.00,0.00,69.00
2026-06-23,S01,Cooking,1,2,198.00,0.00,198.00
2026-06-23,S01,Footwear,3,6,629.90,0.00,629.90
2026-06-23,S01,Sleeping Gear,2,3,102.00,0.00,102.00
2026-06-23,S01,Tents,2,4,866.00,0.00,866.00
2026-06-23,W01,Accessories,1,1,39.00,0.00,39.00
2026-06-23,W01,Backpacks,1,1,79.00,0.00,79.00
2026-06-23,W01,Footwear,1,1,79.00,0.00,79.00
2026-06-23,W02,Cooking,1,1,49.00,0.00,49.00
2026-06-23,W02,Sleeping Gear,2,4,286.00,0.00,286.00
2026-06-24,E01,Accessories,1,2,70.00,7.00,63.00
2026-06-24,E01,Apparel,1,1,229.00,0.00,229.00
2026-06-24,E01,Backpacks,1,1,69.00,0.00,69.00
2026-06-24,E01,Footwear,1,1,189.00,37.80,151.20
2026-06-24,N01,Accessories,1,1,69.00,6.90,62.10
2026-06-24,N01,Apparel,1,1,229.00,45.80,183.20
2026-06-24,N01,Backpacks,1,1,29.00,0.00,29.00
2026-06-24,N01,Cooking,1,1,129.00,0.00,129.00
2026-06-24,N01,Footwear,2,3,362.30,57.70,304.60
2026-06-24,N01,Sleeping Gear,3,3,587.00,29.70,557.30
2026-06-24,N01,Tents,1,1,189.00,0.00,189.00
2026-06-24,S01,Accessories,3,5,145.00,0.00,145.00
2026-06-24,S01,Apparel,1,1,69.00,0.00,69.00
2026-06-24,S01,Cooking,2,2,258.00,33.75,224.25
2026-06-24,S01,Footwear,1,1,59.00,0.00,59.00
2026-06-24,W01,Tents,1,3,797.00,0.00,797.00
2026-06-24,W02,Apparel,1,1,24.00,0.00,24.00
2026-06-24,W02,Backpacks,1,2,258.00,0.00,258.00
2026-06-24,W02,Sleeping Gear,1,1,34.00,5.10,28.90
2026-06-24,W02,Tents,1,1,329.00,0.00,329.00
2026-06-25,E01,Accessories,1,1,79.00,11.85,67.15
2026-06-25,E01,Backpacks,1,1,29.00,5.80,23.20
2026-06-25,N01,Accessories,3,3,257.00,20.75,236.25
2026-06-25,N01,Apparel,2,2,138.00,0.00,138.00
2026-06-25,N01,Backpacks,1,1,39.00,5.85,33.15
2026-06-25,N01,Cooking,3,8,448.00,38.70,409.30
2026-06-25,N01,Footwear,1,1,34.30,0.00,34.30
2026-06-25,S01,Accessories,1,4,116.00,0.00,116.00
2026-06-25,S01,Backpacks,2,3,337.00,0.00,337.00
2026-06-25,S01,Footwear,3,4,331.30,20.70,310.60
2026-06-25,S01,Sleeping Gear,3,4,196.00,0.00,196.00
2026-06-25,S01,Tents,1,1,249.00,37.35,211.65
2026-06-25,W01,Accessories,1,3,105.00,0.00,105.00
2026-06-25,W01,Footwear,1,1,189.00,0.00,189.00
2026-06-25,W01,Sleeping Gear,1,1,179.00,0.00,179.00
2026-06-25,W02,Apparel,1,1,79.00,0.00,79.00
2026-06-25,W02,Footwear,2,6,694.60,37.70,656.90
2026-06-25,W02,Sleeping Gear,1,1,34.00,0.00,34.00
2026-06-26,E01,Apparel,1,2,58.00,0.00,58.00
2026-06-26,E01,Backpacks,1,1,69.00,0.00,69.00
2026-06-26,E01,Footwear,1,1,189.00,18.90,170.10
2026-06-26,E01,Tents,1,1,249.00,0.00,249.00
2026-06-26,N01,Cooking,1,1,129.00,0.00,129.00
2026-06-26,N01,Footwear,1,1,139.00,13.90,125.10
2026-06-26,S01,Footwear,1,1,189.00,0.00,189.00
2026-06-26,W01,Footwear,1,1,34.30,0.00,34.30
2026-06-26,W01,Sleeping Gear,1,2,118.00,11.80,106.20
2026-06-26,W01,Tents,2,2,518.00,0.00,518.00
2026-06-27,E01,Apparel,2,2,93.00,6.90,86.10
2026-06-27,E01,Cooking,1,1,89.00,8.90,80.10
2026-06-27,E01,Footwear,2,2,113.30,0.00,113.30
2026-06-27,E01,Sleeping Gear,3,6,859.00,8.90,850.10
2026-06-27,N01,Apparel,1,1,69.00,0.00,69.00
2026-06-27,N01,Footwear,1,1,59.00,11.80,47.20
2026-06-27,N01,Sleeping Gear,1,1,89.00,17.80,71.20
2026-06-27,S01,Accessories,1,2,58.00,0.00,58.00
2026-06-27,S01,Backpacks,1,1,69.00,0.00,69.00
2026-06-27,S01,Sleeping Gear,1,1,89.00,0.00,89.00
2026-06-27,W01,Accessories,1,1,79.00,0.00,79.00
2026-06-28,E01,Apparel,1,1,24.00,0.00,24.00
2026-06-28,E01,Backpacks,1,3,87.00,0.00,87.00
2026-06-28,E01,Footwear,1,2,173.30,27.80,145.50
2026-06-28,E01,Sleeping Gear,1,1,24.00,4.80,19.20
2026-06-28,E01,Tents,1,1,139.00,0.00,139.00
2026-06-28,N01,Accessories,2,3,119.00,0.00,119.00
2026-06-28,N01,Apparel,2,2,118.00,0.00,118.00
2026-06-28,N01,Backpacks,1,1,69.00,0.00,69.00
2026-06-28,N01,Cooking,2,2,288.00,0.00,288.00
2026-06-28,N01,Footwear,3,3,312.30,0.00,312.30
2026-06-28,N01,Sleeping Gear,1,1,89.00,0.00,89.00
2026-06-28,S01,Apparel,2,2,238.00,0.00,238.00
2026-06-28,S01,Footwear,2,5,680.30,0.00,680.30
2026-06-28,S01,Sleeping Gear,1,1,349.00,0.00,349.00
2026-06-28,S01,Tents,1,1,119.00,0.00,119.00
2026-06-28,W01,Apparel,1,1,69.00,6.90,62.10
2026-06-29,E01,Apparel,1,3,147.00,22.05,124.95
2026-06-29,E01,Footwear,1,1,139.00,0.00,139.00
2026-06-29,E01,Sleeping Gear,2,2,178.00,0.00,178.00
2026-06-29,E01,Tents,1,1,329.00,0.00,329.00
2026-06-29,N01,Cooking,1,1,59.00,0.00,59.00
2026-06-29,S01,Tents,1,1,119.00,0.00,119.00
2026-06-29,W02,Accessories,1,1,49.00,0.00,49.00
2026-06-29,W02,Apparel,1,6,354.00,0.00,354.00
2026-06-29,W02,Backpacks,1,1,29.00,0.00,29.00
2026-06-29,W02,Tents,2,3,557.00,24.90,532.10
2026-06-30,E01,Cooking,1,1,25.00,0.00,25.00
2026-06-30,E01,Footwear,1,1,59.00,11.80,47.20
2026-06-30,N01,Accessories,1,1,89.00,0.00,89.00
2026-06-30,N01,Backpacks,1,1,29.00,4.35,24.65
2026-06-30,N01,Footwear,1,2,93.30,0.00,93.30
2026-06-30,S01,Accessories,1,1,49.00,0.00,49.00
2026-06-30,S01,Apparel,1,1,169.00,16.90,152.10
2026-06-30,S01,Cooking,1,3,75.00,0.00,75.00
2026-06-30,S01,Footwear,3,4,661.30,43.80,617.50
2026-06-30,S01,Tents,3,3,907.00,18.90,888.10
2026-06-30,W01,Footwear,1,1,59.00,0.00,59.00
2026-06-30,W02,Cooking,1,1,159.00,0.00,159.00
